--
-- PostgreSQL database dump
--

-- Dumped from database version 15.3
-- Dumped by pg_dump version 15.3

SET statement_timeout = 0;
SET lock_timeout = 0;
SET idle_in_transaction_session_timeout = 0;
SET client_encoding = 'UTF8';
SET standard_conforming_strings = on;
SELECT pg_catalog.set_config('search_path', '', false);
SET check_function_bodies = false;
SET xmloption = content;
SET client_min_messages = warning;
SET row_security = off;

SET default_tablespace = '';

SET default_table_access_method = heap;

--
-- Name: _admin; Type: TABLE; Schema: public; Owner: postgres
--

CREATE TABLE public._admin (
    username character varying(255) NOT NULL
);


ALTER TABLE public._admin OWNER TO postgres;

--
-- Name: _available_time_slot; Type: TABLE; Schema: public; Owner: postgres
--

CREATE TABLE public._available_time_slot (
    id bigint NOT NULL,
    end_date date NOT NULL,
    start_date date NOT NULL,
    property_id bigint NOT NULL
);


ALTER TABLE public._available_time_slot OWNER TO postgres;

--
-- Name: _available_time_slot_id_seq; Type: SEQUENCE; Schema: public; Owner: postgres
--

CREATE SEQUENCE public._available_time_slot_id_seq
    START WITH 1
    INCREMENT BY 1
    NO MINVALUE
    NO MAXVALUE
    CACHE 1;


ALTER TABLE public._available_time_slot_id_seq OWNER TO postgres;

--
-- Name: _available_time_slot_id_seq; Type: SEQUENCE OWNED BY; Schema: public; Owner: postgres
--

ALTER SEQUENCE public._available_time_slot_id_seq OWNED BY public._available_time_slot.id;


--
-- Name: _city; Type: TABLE; Schema: public; Owner: postgres
--

CREATE TABLE public._city (
    id bigint NOT NULL,
    name character varying(255),
    country_id bigint NOT NULL
);


ALTER TABLE public._city OWNER TO postgres;

--
-- Name: _city_id_seq; Type: SEQUENCE; Schema: public; Owner: postgres
--

CREATE SEQUENCE public._city_id_seq
    START WITH 1
    INCREMENT BY 1
    NO MINVALUE
    NO MAXVALUE
    CACHE 1;


ALTER TABLE public._city_id_seq OWNER TO postgres;

--
-- Name: _city_id_seq; Type: SEQUENCE OWNED BY; Schema: public; Owner: postgres
--

ALTER SEQUENCE public._city_id_seq OWNED BY public._city.id;


--
-- Name: _conversation; Type: TABLE; Schema: public; Owner: postgres
--

CREATE TABLE public._conversation (
    id bigint NOT NULL,
    deleted_by_host boolean NOT NULL,
    guest_user_username character varying(255) NOT NULL,
    property_id bigint NOT NULL
);


ALTER TABLE public._conversation OWNER TO postgres;

--
-- Name: _conversation_id_seq; Type: SEQUENCE; Schema: public; Owner: postgres
--

CREATE SEQUENCE public._conversation_id_seq
    START WITH 1
    INCREMENT BY 1
    NO MINVALUE
    NO MAXVALUE
    CACHE 1;


ALTER TABLE public._conversation_id_seq OWNER TO postgres;

--
-- Name: _conversation_id_seq; Type: SEQUENCE OWNED BY; Schema: public; Owner: postgres
--

ALTER SEQUENCE public._conversation_id_seq OWNED BY public._conversation.id;


--
-- Name: _country; Type: TABLE; Schema: public; Owner: postgres
--

CREATE TABLE public._country (
    id bigint NOT NULL,
    name character varying(255) NOT NULL
);


ALTER TABLE public._country OWNER TO postgres;

--
-- Name: _country_id_seq; Type: SEQUENCE; Schema: public; Owner: postgres
--

CREATE SEQUENCE public._country_id_seq
    START WITH 1
    INCREMENT BY 1
    NO MINVALUE
    NO MAXVALUE
    CACHE 1;


ALTER TABLE public._country_id_seq OWNER TO postgres;

--
-- Name: _country_id_seq; Type: SEQUENCE OWNED BY; Schema: public; Owner: postgres
--

ALTER SEQUENCE public._country_id_seq OWNED BY public._country.id;


--
-- Name: _guest; Type: TABLE; Schema: public; Owner: postgres
--

CREATE TABLE public._guest (
    username character varying(255) NOT NULL
);


ALTER TABLE public._guest OWNER TO postgres;

--
-- Name: _host; Type: TABLE; Schema: public; Owner: postgres
--

CREATE TABLE public._host (
    username character varying(255) NOT NULL
);


ALTER TABLE public._host OWNER TO postgres;

--
-- Name: _image; Type: TABLE; Schema: public; Owner: postgres
--

CREATE TABLE public._image (
    id bigint NOT NULL,
    is_main boolean NOT NULL,
    path character varying(255)
);


ALTER TABLE public._image OWNER TO postgres;

--
-- Name: _image_id_seq; Type: SEQUENCE; Schema: public; Owner: postgres
--

CREATE SEQUENCE public._image_id_seq
    START WITH 1
    INCREMENT BY 1
    NO MINVALUE
    NO MAXVALUE
    CACHE 1;


ALTER TABLE public._image_id_seq OWNER TO postgres;

--
-- Name: _image_id_seq; Type: SEQUENCE OWNED BY; Schema: public; Owner: postgres
--

ALTER SEQUENCE public._image_id_seq OWNED BY public._image.id;


--
-- Name: _message; Type: TABLE; Schema: public; Owner: postgres
--

CREATE TABLE public._message (
    id bigint NOT NULL,
    sent_on timestamp(6) without time zone,
    text oid,
    conversation_id bigint NOT NULL,
    sent_by_username character varying(255) NOT NULL
);


ALTER TABLE public._message OWNER TO postgres;

--
-- Name: _message_id_seq; Type: SEQUENCE; Schema: public; Owner: postgres
--

CREATE SEQUENCE public._message_id_seq
    START WITH 1
    INCREMENT BY 1
    NO MINVALUE
    NO MAXVALUE
    CACHE 1;


ALTER TABLE public._message_id_seq OWNER TO postgres;

--
-- Name: _message_id_seq; Type: SEQUENCE OWNED BY; Schema: public; Owner: postgres
--

ALTER SEQUENCE public._message_id_seq OWNED BY public._message.id;


--
-- Name: _property; Type: TABLE; Schema: public; Owner: postgres
--

CREATE TABLE public._property (
    id bigint NOT NULL,
    address character varying(255),
    description oid,
    latitude double precision,
    longitude double precision,
    name character varying(255) NOT NULL,
    space_area smallint NOT NULL,
    type character varying(255),
    city_id bigint NOT NULL,
    host_username character varying(255) NOT NULL,
    CONSTRAINT _property_space_area_check CHECK (((space_area <= 30000) AND (space_area >= 1)))
);


ALTER TABLE public._property OWNER TO postgres;

--
-- Name: _property_amenities; Type: TABLE; Schema: public; Owner: postgres
--

CREATE TABLE public._property_amenities (
    property_id bigint NOT NULL,
    has_elevator boolean NOT NULL,
    has_heating boolean NOT NULL,
    has_kitchen boolean NOT NULL,
    has_lounge boolean NOT NULL,
    has_parking boolean NOT NULL,
    has_refrigerator boolean NOT NULL,
    has_tv boolean NOT NULL,
    has_wifi boolean NOT NULL,
    num_bathrooms smallint NOT NULL,
    num_bedrooms smallint NOT NULL,
    num_beds smallint NOT NULL
);


ALTER TABLE public._property_amenities OWNER TO postgres;

--
-- Name: _property_id_seq; Type: SEQUENCE; Schema: public; Owner: postgres
--

CREATE SEQUENCE public._property_id_seq
    START WITH 1
    INCREMENT BY 1
    NO MINVALUE
    NO MAXVALUE
    CACHE 1;


ALTER TABLE public._property_id_seq OWNER TO postgres;

--
-- Name: _property_id_seq; Type: SEQUENCE OWNED BY; Schema: public; Owner: postgres
--

ALTER SEQUENCE public._property_id_seq OWNED BY public._property.id;


--
-- Name: _property_image; Type: TABLE; Schema: public; Owner: postgres
--

CREATE TABLE public._property_image (
    property_id bigint NOT NULL,
    image_id bigint NOT NULL
);


ALTER TABLE public._property_image OWNER TO postgres;

--
-- Name: _property_rules; Type: TABLE; Schema: public; Owner: postgres
--

CREATE TABLE public._property_rules (
    property_id bigint NOT NULL,
    base_day_cost integer NOT NULL,
    events_allowed boolean NOT NULL,
    min_reservation_days smallint NOT NULL,
    per_guest_cost integer NOT NULL,
    pets_allowed boolean NOT NULL,
    smoking_allowed boolean NOT NULL
);


ALTER TABLE public._property_rules OWNER TO postgres;

--
-- Name: _reservation; Type: TABLE; Schema: public; Owner: postgres
--

CREATE TABLE public._reservation (
    id bigint NOT NULL,
    end_date date NOT NULL,
    num_persons smallint NOT NULL,
    start_date date NOT NULL,
    guest_username character varying(255) NOT NULL,
    property_id bigint NOT NULL,
    CONSTRAINT _reservation_num_persons_check CHECK (((num_persons <= 100) AND (num_persons >= 1)))
);


ALTER TABLE public._reservation OWNER TO postgres;

--
-- Name: _reservation_id_seq; Type: SEQUENCE; Schema: public; Owner: postgres
--

CREATE SEQUENCE public._reservation_id_seq
    START WITH 1
    INCREMENT BY 1
    NO MINVALUE
    NO MAXVALUE
    CACHE 1;


ALTER TABLE public._reservation_id_seq OWNER TO postgres;

--
-- Name: _reservation_id_seq; Type: SEQUENCE OWNED BY; Schema: public; Owner: postgres
--

ALTER SEQUENCE public._reservation_id_seq OWNED BY public._reservation.id;


--
-- Name: _review; Type: TABLE; Schema: public; Owner: postgres
--

CREATE TABLE public._review (
    id bigint NOT NULL,
    created_on date,
    stars smallint NOT NULL,
    text oid,
    guest_username character varying(255) NOT NULL,
    property_id bigint NOT NULL,
    CONSTRAINT _review_stars_check CHECK (((stars <= 5) AND (stars >= 1)))
);


ALTER TABLE public._review OWNER TO postgres;

--
-- Name: _review_id_seq; Type: SEQUENCE; Schema: public; Owner: postgres
--

CREATE SEQUENCE public._review_id_seq
    START WITH 1
    INCREMENT BY 1
    NO MINVALUE
    NO MAXVALUE
    CACHE 1;


ALTER TABLE public._review_id_seq OWNER TO postgres;

--
-- Name: _review_id_seq; Type: SEQUENCE OWNED BY; Schema: public; Owner: postgres
--

ALTER SEQUENCE public._review_id_seq OWNED BY public._review.id;


--
-- Name: _role; Type: TABLE; Schema: public; Owner: postgres
--

CREATE TABLE public._role (
    name character varying(255) NOT NULL
);


ALTER TABLE public._role OWNER TO postgres;

--
-- Name: _user; Type: TABLE; Schema: public; Owner: postgres
--

CREATE TABLE public._user (
    username character varying(255) NOT NULL,
    email character varying(255),
    first_name character varying(255),
    is_active boolean NOT NULL,
    is_locked boolean NOT NULL,
    last_name character varying(255),
    mobile_number character varying(255),
    password character varying(255) NOT NULL,
    image_id bigint
);


ALTER TABLE public._user OWNER TO postgres;

--
-- Name: user_role; Type: TABLE; Schema: public; Owner: postgres
--

CREATE TABLE public.user_role (
    user_username character varying(255) NOT NULL,
    role_name character varying(255) NOT NULL
);


ALTER TABLE public.user_role OWNER TO postgres;

--
-- Name: _available_time_slot id; Type: DEFAULT; Schema: public; Owner: postgres
--

ALTER TABLE ONLY public._available_time_slot ALTER COLUMN id SET DEFAULT nextval('public._available_time_slot_id_seq'::regclass);


--
-- Name: _city id; Type: DEFAULT; Schema: public; Owner: postgres
--

ALTER TABLE ONLY public._city ALTER COLUMN id SET DEFAULT nextval('public._city_id_seq'::regclass);


--
-- Name: _conversation id; Type: DEFAULT; Schema: public; Owner: postgres
--

ALTER TABLE ONLY public._conversation ALTER COLUMN id SET DEFAULT nextval('public._conversation_id_seq'::regclass);


--
-- Name: _country id; Type: DEFAULT; Schema: public; Owner: postgres
--

ALTER TABLE ONLY public._country ALTER COLUMN id SET DEFAULT nextval('public._country_id_seq'::regclass);


--
-- Name: _image id; Type: DEFAULT; Schema: public; Owner: postgres
--

ALTER TABLE ONLY public._image ALTER COLUMN id SET DEFAULT nextval('public._image_id_seq'::regclass);


--
-- Name: _message id; Type: DEFAULT; Schema: public; Owner: postgres
--

ALTER TABLE ONLY public._message ALTER COLUMN id SET DEFAULT nextval('public._message_id_seq'::regclass);


--
-- Name: _property id; Type: DEFAULT; Schema: public; Owner: postgres
--

ALTER TABLE ONLY public._property ALTER COLUMN id SET DEFAULT nextval('public._property_id_seq'::regclass);


--
-- Name: _reservation id; Type: DEFAULT; Schema: public; Owner: postgres
--

ALTER TABLE ONLY public._reservation ALTER COLUMN id SET DEFAULT nextval('public._reservation_id_seq'::regclass);


--
-- Name: _review id; Type: DEFAULT; Schema: public; Owner: postgres
--

ALTER TABLE ONLY public._review ALTER COLUMN id SET DEFAULT nextval('public._review_id_seq'::regclass);


--
-- Name: 17969; Type: BLOB; Schema: -; Owner: postgres
--

SELECT pg_catalog.lo_create('17969');


ALTER LARGE OBJECT 17969 OWNER TO postgres;

--
-- Name: 17970; Type: BLOB; Schema: -; Owner: postgres
--

SELECT pg_catalog.lo_create('17970');


ALTER LARGE OBJECT 17970 OWNER TO postgres;

--
-- Name: 17971; Type: BLOB; Schema: -; Owner: postgres
--

SELECT pg_catalog.lo_create('17971');


ALTER LARGE OBJECT 17971 OWNER TO postgres;

--
-- Name: 17972; Type: BLOB; Schema: -; Owner: postgres
--

SELECT pg_catalog.lo_create('17972');


ALTER LARGE OBJECT 17972 OWNER TO postgres;

--
-- Name: 17973; Type: BLOB; Schema: -; Owner: postgres
--

SELECT pg_catalog.lo_create('17973');


ALTER LARGE OBJECT 17973 OWNER TO postgres;

--
-- Name: 17974; Type: BLOB; Schema: -; Owner: postgres
--

SELECT pg_catalog.lo_create('17974');


ALTER LARGE OBJECT 17974 OWNER TO postgres;

--
-- Name: 17975; Type: BLOB; Schema: -; Owner: postgres
--

SELECT pg_catalog.lo_create('17975');


ALTER LARGE OBJECT 17975 OWNER TO postgres;

--
-- Name: 17976; Type: BLOB; Schema: -; Owner: postgres
--

SELECT pg_catalog.lo_create('17976');


ALTER LARGE OBJECT 17976 OWNER TO postgres;

--
-- Name: 17977; Type: BLOB; Schema: -; Owner: postgres
--

SELECT pg_catalog.lo_create('17977');


ALTER LARGE OBJECT 17977 OWNER TO postgres;

--
-- Name: 17978; Type: BLOB; Schema: -; Owner: postgres
--

SELECT pg_catalog.lo_create('17978');


ALTER LARGE OBJECT 17978 OWNER TO postgres;

--
-- Name: 18204; Type: BLOB; Schema: -; Owner: postgres
--

SELECT pg_catalog.lo_create('18204');


ALTER LARGE OBJECT 18204 OWNER TO postgres;

--
-- Name: 18205; Type: BLOB; Schema: -; Owner: postgres
--

SELECT pg_catalog.lo_create('18205');


ALTER LARGE OBJECT 18205 OWNER TO postgres;

--
-- Name: 18206; Type: BLOB; Schema: -; Owner: postgres
--

SELECT pg_catalog.lo_create('18206');


ALTER LARGE OBJECT 18206 OWNER TO postgres;

--
-- Name: 18207; Type: BLOB; Schema: -; Owner: postgres
--

SELECT pg_catalog.lo_create('18207');


ALTER LARGE OBJECT 18207 OWNER TO postgres;

--
-- Name: 18208; Type: BLOB; Schema: -; Owner: postgres
--

SELECT pg_catalog.lo_create('18208');


ALTER LARGE OBJECT 18208 OWNER TO postgres;

--
-- Name: 18209; Type: BLOB; Schema: -; Owner: postgres
--

SELECT pg_catalog.lo_create('18209');


ALTER LARGE OBJECT 18209 OWNER TO postgres;

--
-- Name: 18210; Type: BLOB; Schema: -; Owner: postgres
--

SELECT pg_catalog.lo_create('18210');


ALTER LARGE OBJECT 18210 OWNER TO postgres;

--
-- Name: 18211; Type: BLOB; Schema: -; Owner: postgres
--

SELECT pg_catalog.lo_create('18211');


ALTER LARGE OBJECT 18211 OWNER TO postgres;

--
-- Name: 18212; Type: BLOB; Schema: -; Owner: postgres
--

SELECT pg_catalog.lo_create('18212');


ALTER LARGE OBJECT 18212 OWNER TO postgres;

--
-- Name: 18213; Type: BLOB; Schema: -; Owner: postgres
--

SELECT pg_catalog.lo_create('18213');


ALTER LARGE OBJECT 18213 OWNER TO postgres;

--
-- Name: 18440; Type: BLOB; Schema: -; Owner: postgres
--

SELECT pg_catalog.lo_create('18440');


ALTER LARGE OBJECT 18440 OWNER TO postgres;

--
-- Name: 18668; Type: BLOB; Schema: -; Owner: postgres
--

SELECT pg_catalog.lo_create('18668');


ALTER LARGE OBJECT 18668 OWNER TO postgres;

--
-- Name: 18895; Type: BLOB; Schema: -; Owner: postgres
--

SELECT pg_catalog.lo_create('18895');


ALTER LARGE OBJECT 18895 OWNER TO postgres;

--
-- Name: 19123; Type: BLOB; Schema: -; Owner: postgres
--

SELECT pg_catalog.lo_create('19123');


ALTER LARGE OBJECT 19123 OWNER TO postgres;

--
-- Name: 19124; Type: BLOB; Schema: -; Owner: postgres
--

SELECT pg_catalog.lo_create('19124');


ALTER LARGE OBJECT 19124 OWNER TO postgres;

--
-- Name: 19125; Type: BLOB; Schema: -; Owner: postgres
--

SELECT pg_catalog.lo_create('19125');


ALTER LARGE OBJECT 19125 OWNER TO postgres;

--
-- Name: 19126; Type: BLOB; Schema: -; Owner: postgres
--

SELECT pg_catalog.lo_create('19126');


ALTER LARGE OBJECT 19126 OWNER TO postgres;

--
-- Name: 19127; Type: BLOB; Schema: -; Owner: postgres
--

SELECT pg_catalog.lo_create('19127');


ALTER LARGE OBJECT 19127 OWNER TO postgres;

--
-- Name: 19128; Type: BLOB; Schema: -; Owner: postgres
--

SELECT pg_catalog.lo_create('19128');


ALTER LARGE OBJECT 19128 OWNER TO postgres;

--
-- Name: 19129; Type: BLOB; Schema: -; Owner: postgres
--

SELECT pg_catalog.lo_create('19129');


ALTER LARGE OBJECT 19129 OWNER TO postgres;

--
-- Name: 19130; Type: BLOB; Schema: -; Owner: postgres
--

SELECT pg_catalog.lo_create('19130');


ALTER LARGE OBJECT 19130 OWNER TO postgres;

--
-- Name: 19131; Type: BLOB; Schema: -; Owner: postgres
--

SELECT pg_catalog.lo_create('19131');


ALTER LARGE OBJECT 19131 OWNER TO postgres;

--
-- Name: 19132; Type: BLOB; Schema: -; Owner: postgres
--

SELECT pg_catalog.lo_create('19132');


ALTER LARGE OBJECT 19132 OWNER TO postgres;

--
-- Name: 19133; Type: BLOB; Schema: -; Owner: postgres
--

SELECT pg_catalog.lo_create('19133');


ALTER LARGE OBJECT 19133 OWNER TO postgres;

--
-- Name: 19134; Type: BLOB; Schema: -; Owner: postgres
--

SELECT pg_catalog.lo_create('19134');


ALTER LARGE OBJECT 19134 OWNER TO postgres;

--
-- Name: 19135; Type: BLOB; Schema: -; Owner: postgres
--

SELECT pg_catalog.lo_create('19135');


ALTER LARGE OBJECT 19135 OWNER TO postgres;

--
-- Name: 19136; Type: BLOB; Schema: -; Owner: postgres
--

SELECT pg_catalog.lo_create('19136');


ALTER LARGE OBJECT 19136 OWNER TO postgres;

--
-- Name: 19137; Type: BLOB; Schema: -; Owner: postgres
--

SELECT pg_catalog.lo_create('19137');


ALTER LARGE OBJECT 19137 OWNER TO postgres;

--
-- Name: 19138; Type: BLOB; Schema: -; Owner: postgres
--

SELECT pg_catalog.lo_create('19138');


ALTER LARGE OBJECT 19138 OWNER TO postgres;

--
-- Name: 19139; Type: BLOB; Schema: -; Owner: postgres
--

SELECT pg_catalog.lo_create('19139');


ALTER LARGE OBJECT 19139 OWNER TO postgres;

--
-- Name: 19140; Type: BLOB; Schema: -; Owner: postgres
--

SELECT pg_catalog.lo_create('19140');


ALTER LARGE OBJECT 19140 OWNER TO postgres;

--
-- Name: 19141; Type: BLOB; Schema: -; Owner: postgres
--

SELECT pg_catalog.lo_create('19141');


ALTER LARGE OBJECT 19141 OWNER TO postgres;

--
-- Name: 19142; Type: BLOB; Schema: -; Owner: postgres
--

SELECT pg_catalog.lo_create('19142');


ALTER LARGE OBJECT 19142 OWNER TO postgres;

--
-- Name: 19594; Type: BLOB; Schema: -; Owner: postgres
--

SELECT pg_catalog.lo_create('19594');


ALTER LARGE OBJECT 19594 OWNER TO postgres;

--
-- Name: 19595; Type: BLOB; Schema: -; Owner: postgres
--

SELECT pg_catalog.lo_create('19595');


ALTER LARGE OBJECT 19595 OWNER TO postgres;

--
-- Name: 19596; Type: BLOB; Schema: -; Owner: postgres
--

SELECT pg_catalog.lo_create('19596');


ALTER LARGE OBJECT 19596 OWNER TO postgres;

--
-- Name: 19823; Type: BLOB; Schema: -; Owner: postgres
--

SELECT pg_catalog.lo_create('19823');


ALTER LARGE OBJECT 19823 OWNER TO postgres;

--
-- Name: 20050; Type: BLOB; Schema: -; Owner: postgres
--

SELECT pg_catalog.lo_create('20050');


ALTER LARGE OBJECT 20050 OWNER TO postgres;

--
-- Name: 20051; Type: BLOB; Schema: -; Owner: postgres
--

SELECT pg_catalog.lo_create('20051');


ALTER LARGE OBJECT 20051 OWNER TO postgres;

--
-- Name: 20278; Type: BLOB; Schema: -; Owner: postgres
--

SELECT pg_catalog.lo_create('20278');


ALTER LARGE OBJECT 20278 OWNER TO postgres;

--
-- Name: 20505; Type: BLOB; Schema: -; Owner: postgres
--

SELECT pg_catalog.lo_create('20505');


ALTER LARGE OBJECT 20505 OWNER TO postgres;

--
-- Name: 20506; Type: BLOB; Schema: -; Owner: postgres
--

SELECT pg_catalog.lo_create('20506');


ALTER LARGE OBJECT 20506 OWNER TO postgres;

--
-- Name: 20507; Type: BLOB; Schema: -; Owner: postgres
--

SELECT pg_catalog.lo_create('20507');


ALTER LARGE OBJECT 20507 OWNER TO postgres;

--
-- Name: 20735; Type: BLOB; Schema: -; Owner: postgres
--

SELECT pg_catalog.lo_create('20735');


ALTER LARGE OBJECT 20735 OWNER TO postgres;

--
-- Name: 20962; Type: BLOB; Schema: -; Owner: postgres
--

SELECT pg_catalog.lo_create('20962');


ALTER LARGE OBJECT 20962 OWNER TO postgres;

--
-- Name: 20963; Type: BLOB; Schema: -; Owner: postgres
--

SELECT pg_catalog.lo_create('20963');


ALTER LARGE OBJECT 20963 OWNER TO postgres;

--
-- Name: 20964; Type: BLOB; Schema: -; Owner: postgres
--

SELECT pg_catalog.lo_create('20964');


ALTER LARGE OBJECT 20964 OWNER TO postgres;

--
-- Name: 20965; Type: BLOB; Schema: -; Owner: postgres
--

SELECT pg_catalog.lo_create('20965');


ALTER LARGE OBJECT 20965 OWNER TO postgres;

--
-- Name: 20966; Type: BLOB; Schema: -; Owner: postgres
--

SELECT pg_catalog.lo_create('20966');


ALTER LARGE OBJECT 20966 OWNER TO postgres;

--
-- Name: 20967; Type: BLOB; Schema: -; Owner: postgres
--

SELECT pg_catalog.lo_create('20967');


ALTER LARGE OBJECT 20967 OWNER TO postgres;

--
-- Name: 20968; Type: BLOB; Schema: -; Owner: postgres
--

SELECT pg_catalog.lo_create('20968');


ALTER LARGE OBJECT 20968 OWNER TO postgres;

--
-- Name: 20969; Type: BLOB; Schema: -; Owner: postgres
--

SELECT pg_catalog.lo_create('20969');


ALTER LARGE OBJECT 20969 OWNER TO postgres;

--
-- Name: 20970; Type: BLOB; Schema: -; Owner: postgres
--

SELECT pg_catalog.lo_create('20970');


ALTER LARGE OBJECT 20970 OWNER TO postgres;

--
-- Name: 20971; Type: BLOB; Schema: -; Owner: postgres
--

SELECT pg_catalog.lo_create('20971');


ALTER LARGE OBJECT 20971 OWNER TO postgres;

--
-- Name: 20972; Type: BLOB; Schema: -; Owner: postgres
--

SELECT pg_catalog.lo_create('20972');


ALTER LARGE OBJECT 20972 OWNER TO postgres;

--
-- Name: 20973; Type: BLOB; Schema: -; Owner: postgres
--

SELECT pg_catalog.lo_create('20973');


ALTER LARGE OBJECT 20973 OWNER TO postgres;

--
-- Name: 20974; Type: BLOB; Schema: -; Owner: postgres
--

SELECT pg_catalog.lo_create('20974');


ALTER LARGE OBJECT 20974 OWNER TO postgres;

--
-- Name: 20975; Type: BLOB; Schema: -; Owner: postgres
--

SELECT pg_catalog.lo_create('20975');


ALTER LARGE OBJECT 20975 OWNER TO postgres;

--
-- Name: 20976; Type: BLOB; Schema: -; Owner: postgres
--

SELECT pg_catalog.lo_create('20976');


ALTER LARGE OBJECT 20976 OWNER TO postgres;

--
-- Name: 20977; Type: BLOB; Schema: -; Owner: postgres
--

SELECT pg_catalog.lo_create('20977');


ALTER LARGE OBJECT 20977 OWNER TO postgres;

--
-- Name: 20978; Type: BLOB; Schema: -; Owner: postgres
--

SELECT pg_catalog.lo_create('20978');


ALTER LARGE OBJECT 20978 OWNER TO postgres;

--
-- Name: 20979; Type: BLOB; Schema: -; Owner: postgres
--

SELECT pg_catalog.lo_create('20979');


ALTER LARGE OBJECT 20979 OWNER TO postgres;

--
-- Name: 20980; Type: BLOB; Schema: -; Owner: postgres
--

SELECT pg_catalog.lo_create('20980');


ALTER LARGE OBJECT 20980 OWNER TO postgres;

--
-- Name: 20981; Type: BLOB; Schema: -; Owner: postgres
--

SELECT pg_catalog.lo_create('20981');


ALTER LARGE OBJECT 20981 OWNER TO postgres;

--
-- Name: 23121; Type: BLOB; Schema: -; Owner: postgres
--

SELECT pg_catalog.lo_create('23121');


ALTER LARGE OBJECT 23121 OWNER TO postgres;

--
-- Name: 23122; Type: BLOB; Schema: -; Owner: postgres
--

SELECT pg_catalog.lo_create('23122');


ALTER LARGE OBJECT 23122 OWNER TO postgres;

--
-- Name: 23123; Type: BLOB; Schema: -; Owner: postgres
--

SELECT pg_catalog.lo_create('23123');


ALTER LARGE OBJECT 23123 OWNER TO postgres;

--
-- Name: 23124; Type: BLOB; Schema: -; Owner: postgres
--

SELECT pg_catalog.lo_create('23124');


ALTER LARGE OBJECT 23124 OWNER TO postgres;

--
-- Name: 23125; Type: BLOB; Schema: -; Owner: postgres
--

SELECT pg_catalog.lo_create('23125');


ALTER LARGE OBJECT 23125 OWNER TO postgres;

--
-- Name: 23126; Type: BLOB; Schema: -; Owner: postgres
--

SELECT pg_catalog.lo_create('23126');


ALTER LARGE OBJECT 23126 OWNER TO postgres;

--
-- Name: 23127; Type: BLOB; Schema: -; Owner: postgres
--

SELECT pg_catalog.lo_create('23127');


ALTER LARGE OBJECT 23127 OWNER TO postgres;

--
-- Name: 23128; Type: BLOB; Schema: -; Owner: postgres
--

SELECT pg_catalog.lo_create('23128');


ALTER LARGE OBJECT 23128 OWNER TO postgres;

--
-- Name: 23129; Type: BLOB; Schema: -; Owner: postgres
--

SELECT pg_catalog.lo_create('23129');


ALTER LARGE OBJECT 23129 OWNER TO postgres;

--
-- Name: 23130; Type: BLOB; Schema: -; Owner: postgres
--

SELECT pg_catalog.lo_create('23130');


ALTER LARGE OBJECT 23130 OWNER TO postgres;

--
-- Name: 23357; Type: BLOB; Schema: -; Owner: postgres
--

SELECT pg_catalog.lo_create('23357');


ALTER LARGE OBJECT 23357 OWNER TO postgres;

--
-- Name: 23358; Type: BLOB; Schema: -; Owner: postgres
--

SELECT pg_catalog.lo_create('23358');


ALTER LARGE OBJECT 23358 OWNER TO postgres;

--
-- Name: 23359; Type: BLOB; Schema: -; Owner: postgres
--

SELECT pg_catalog.lo_create('23359');


ALTER LARGE OBJECT 23359 OWNER TO postgres;

--
-- Name: 23360; Type: BLOB; Schema: -; Owner: postgres
--

SELECT pg_catalog.lo_create('23360');


ALTER LARGE OBJECT 23360 OWNER TO postgres;

--
-- Name: 23361; Type: BLOB; Schema: -; Owner: postgres
--

SELECT pg_catalog.lo_create('23361');


ALTER LARGE OBJECT 23361 OWNER TO postgres;

--
-- Name: 23362; Type: BLOB; Schema: -; Owner: postgres
--

SELECT pg_catalog.lo_create('23362');


ALTER LARGE OBJECT 23362 OWNER TO postgres;

--
-- Name: 23363; Type: BLOB; Schema: -; Owner: postgres
--

SELECT pg_catalog.lo_create('23363');


ALTER LARGE OBJECT 23363 OWNER TO postgres;

--
-- Name: 23364; Type: BLOB; Schema: -; Owner: postgres
--

SELECT pg_catalog.lo_create('23364');


ALTER LARGE OBJECT 23364 OWNER TO postgres;

--
-- Name: 23365; Type: BLOB; Schema: -; Owner: postgres
--

SELECT pg_catalog.lo_create('23365');


ALTER LARGE OBJECT 23365 OWNER TO postgres;

--
-- Name: 23366; Type: BLOB; Schema: -; Owner: postgres
--

SELECT pg_catalog.lo_create('23366');


ALTER LARGE OBJECT 23366 OWNER TO postgres;

--
-- Name: 23592; Type: BLOB; Schema: -; Owner: postgres
--

SELECT pg_catalog.lo_create('23592');


ALTER LARGE OBJECT 23592 OWNER TO postgres;

--
-- Name: 23593; Type: BLOB; Schema: -; Owner: postgres
--

SELECT pg_catalog.lo_create('23593');


ALTER LARGE OBJECT 23593 OWNER TO postgres;

--
-- Name: 23594; Type: BLOB; Schema: -; Owner: postgres
--

SELECT pg_catalog.lo_create('23594');


ALTER LARGE OBJECT 23594 OWNER TO postgres;

--
-- Name: 23595; Type: BLOB; Schema: -; Owner: postgres
--

SELECT pg_catalog.lo_create('23595');


ALTER LARGE OBJECT 23595 OWNER TO postgres;

--
-- Name: 23596; Type: BLOB; Schema: -; Owner: postgres
--

SELECT pg_catalog.lo_create('23596');


ALTER LARGE OBJECT 23596 OWNER TO postgres;

--
-- Name: 23597; Type: BLOB; Schema: -; Owner: postgres
--

SELECT pg_catalog.lo_create('23597');


ALTER LARGE OBJECT 23597 OWNER TO postgres;

--
-- Name: 23598; Type: BLOB; Schema: -; Owner: postgres
--

SELECT pg_catalog.lo_create('23598');


ALTER LARGE OBJECT 23598 OWNER TO postgres;

--
-- Name: 23599; Type: BLOB; Schema: -; Owner: postgres
--

SELECT pg_catalog.lo_create('23599');


ALTER LARGE OBJECT 23599 OWNER TO postgres;

--
-- Name: 23600; Type: BLOB; Schema: -; Owner: postgres
--

SELECT pg_catalog.lo_create('23600');


ALTER LARGE OBJECT 23600 OWNER TO postgres;

--
-- Name: 23601; Type: BLOB; Schema: -; Owner: postgres
--

SELECT pg_catalog.lo_create('23601');


ALTER LARGE OBJECT 23601 OWNER TO postgres;

--
-- Name: 23827; Type: BLOB; Schema: -; Owner: postgres
--

SELECT pg_catalog.lo_create('23827');


ALTER LARGE OBJECT 23827 OWNER TO postgres;

--
-- Name: 23828; Type: BLOB; Schema: -; Owner: postgres
--

SELECT pg_catalog.lo_create('23828');


ALTER LARGE OBJECT 23828 OWNER TO postgres;

--
-- Name: 23829; Type: BLOB; Schema: -; Owner: postgres
--

SELECT pg_catalog.lo_create('23829');


ALTER LARGE OBJECT 23829 OWNER TO postgres;

--
-- Name: 23830; Type: BLOB; Schema: -; Owner: postgres
--

SELECT pg_catalog.lo_create('23830');


ALTER LARGE OBJECT 23830 OWNER TO postgres;

--
-- Name: 23831; Type: BLOB; Schema: -; Owner: postgres
--

SELECT pg_catalog.lo_create('23831');


ALTER LARGE OBJECT 23831 OWNER TO postgres;

--
-- Name: 23832; Type: BLOB; Schema: -; Owner: postgres
--

SELECT pg_catalog.lo_create('23832');


ALTER LARGE OBJECT 23832 OWNER TO postgres;

--
-- Name: 23833; Type: BLOB; Schema: -; Owner: postgres
--

SELECT pg_catalog.lo_create('23833');


ALTER LARGE OBJECT 23833 OWNER TO postgres;

--
-- Name: 23834; Type: BLOB; Schema: -; Owner: postgres
--

SELECT pg_catalog.lo_create('23834');


ALTER LARGE OBJECT 23834 OWNER TO postgres;

--
-- Name: 23835; Type: BLOB; Schema: -; Owner: postgres
--

SELECT pg_catalog.lo_create('23835');


ALTER LARGE OBJECT 23835 OWNER TO postgres;

--
-- Name: 23836; Type: BLOB; Schema: -; Owner: postgres
--

SELECT pg_catalog.lo_create('23836');


ALTER LARGE OBJECT 23836 OWNER TO postgres;

--
-- Name: 24063; Type: BLOB; Schema: -; Owner: postgres
--

SELECT pg_catalog.lo_create('24063');


ALTER LARGE OBJECT 24063 OWNER TO postgres;

--
-- Name: 24064; Type: BLOB; Schema: -; Owner: postgres
--

SELECT pg_catalog.lo_create('24064');


ALTER LARGE OBJECT 24064 OWNER TO postgres;

--
-- Name: 24065; Type: BLOB; Schema: -; Owner: postgres
--

SELECT pg_catalog.lo_create('24065');


ALTER LARGE OBJECT 24065 OWNER TO postgres;

--
-- Name: 24066; Type: BLOB; Schema: -; Owner: postgres
--

SELECT pg_catalog.lo_create('24066');


ALTER LARGE OBJECT 24066 OWNER TO postgres;

--
-- Name: 24067; Type: BLOB; Schema: -; Owner: postgres
--

SELECT pg_catalog.lo_create('24067');


ALTER LARGE OBJECT 24067 OWNER TO postgres;

--
-- Name: 24068; Type: BLOB; Schema: -; Owner: postgres
--

SELECT pg_catalog.lo_create('24068');


ALTER LARGE OBJECT 24068 OWNER TO postgres;

--
-- Name: 24069; Type: BLOB; Schema: -; Owner: postgres
--

SELECT pg_catalog.lo_create('24069');


ALTER LARGE OBJECT 24069 OWNER TO postgres;

--
-- Name: 24070; Type: BLOB; Schema: -; Owner: postgres
--

SELECT pg_catalog.lo_create('24070');


ALTER LARGE OBJECT 24070 OWNER TO postgres;

--
-- Name: 24071; Type: BLOB; Schema: -; Owner: postgres
--

SELECT pg_catalog.lo_create('24071');


ALTER LARGE OBJECT 24071 OWNER TO postgres;

--
-- Name: 24072; Type: BLOB; Schema: -; Owner: postgres
--

SELECT pg_catalog.lo_create('24072');


ALTER LARGE OBJECT 24072 OWNER TO postgres;

--
-- Name: 24298; Type: BLOB; Schema: -; Owner: postgres
--

SELECT pg_catalog.lo_create('24298');


ALTER LARGE OBJECT 24298 OWNER TO postgres;

--
-- Name: 24299; Type: BLOB; Schema: -; Owner: postgres
--

SELECT pg_catalog.lo_create('24299');


ALTER LARGE OBJECT 24299 OWNER TO postgres;

--
-- Name: 24300; Type: BLOB; Schema: -; Owner: postgres
--

SELECT pg_catalog.lo_create('24300');


ALTER LARGE OBJECT 24300 OWNER TO postgres;

--
-- Name: 24301; Type: BLOB; Schema: -; Owner: postgres
--

SELECT pg_catalog.lo_create('24301');


ALTER LARGE OBJECT 24301 OWNER TO postgres;

--
-- Name: 24302; Type: BLOB; Schema: -; Owner: postgres
--

SELECT pg_catalog.lo_create('24302');


ALTER LARGE OBJECT 24302 OWNER TO postgres;

--
-- Name: 24303; Type: BLOB; Schema: -; Owner: postgres
--

SELECT pg_catalog.lo_create('24303');


ALTER LARGE OBJECT 24303 OWNER TO postgres;

--
-- Name: 24304; Type: BLOB; Schema: -; Owner: postgres
--

SELECT pg_catalog.lo_create('24304');


ALTER LARGE OBJECT 24304 OWNER TO postgres;

--
-- Name: 24305; Type: BLOB; Schema: -; Owner: postgres
--

SELECT pg_catalog.lo_create('24305');


ALTER LARGE OBJECT 24305 OWNER TO postgres;

--
-- Name: 24306; Type: BLOB; Schema: -; Owner: postgres
--

SELECT pg_catalog.lo_create('24306');


ALTER LARGE OBJECT 24306 OWNER TO postgres;

--
-- Name: 24307; Type: BLOB; Schema: -; Owner: postgres
--

SELECT pg_catalog.lo_create('24307');


ALTER LARGE OBJECT 24307 OWNER TO postgres;

--
-- Name: 24534; Type: BLOB; Schema: -; Owner: postgres
--

SELECT pg_catalog.lo_create('24534');


ALTER LARGE OBJECT 24534 OWNER TO postgres;

--
-- Name: 24535; Type: BLOB; Schema: -; Owner: postgres
--

SELECT pg_catalog.lo_create('24535');


ALTER LARGE OBJECT 24535 OWNER TO postgres;

--
-- Name: 24536; Type: BLOB; Schema: -; Owner: postgres
--

SELECT pg_catalog.lo_create('24536');


ALTER LARGE OBJECT 24536 OWNER TO postgres;

--
-- Name: 24537; Type: BLOB; Schema: -; Owner: postgres
--

SELECT pg_catalog.lo_create('24537');


ALTER LARGE OBJECT 24537 OWNER TO postgres;

--
-- Name: 24538; Type: BLOB; Schema: -; Owner: postgres
--

SELECT pg_catalog.lo_create('24538');


ALTER LARGE OBJECT 24538 OWNER TO postgres;

--
-- Name: 24539; Type: BLOB; Schema: -; Owner: postgres
--

SELECT pg_catalog.lo_create('24539');


ALTER LARGE OBJECT 24539 OWNER TO postgres;

--
-- Name: 24540; Type: BLOB; Schema: -; Owner: postgres
--

SELECT pg_catalog.lo_create('24540');


ALTER LARGE OBJECT 24540 OWNER TO postgres;

--
-- Name: 24541; Type: BLOB; Schema: -; Owner: postgres
--

SELECT pg_catalog.lo_create('24541');


ALTER LARGE OBJECT 24541 OWNER TO postgres;

--
-- Name: 24542; Type: BLOB; Schema: -; Owner: postgres
--

SELECT pg_catalog.lo_create('24542');


ALTER LARGE OBJECT 24542 OWNER TO postgres;

--
-- Name: 24543; Type: BLOB; Schema: -; Owner: postgres
--

SELECT pg_catalog.lo_create('24543');


ALTER LARGE OBJECT 24543 OWNER TO postgres;

--
-- Name: 24770; Type: BLOB; Schema: -; Owner: postgres
--

SELECT pg_catalog.lo_create('24770');


ALTER LARGE OBJECT 24770 OWNER TO postgres;

--
-- Name: 24771; Type: BLOB; Schema: -; Owner: postgres
--

SELECT pg_catalog.lo_create('24771');


ALTER LARGE OBJECT 24771 OWNER TO postgres;

--
-- Name: 24772; Type: BLOB; Schema: -; Owner: postgres
--

SELECT pg_catalog.lo_create('24772');


ALTER LARGE OBJECT 24772 OWNER TO postgres;

--
-- Name: 24773; Type: BLOB; Schema: -; Owner: postgres
--

SELECT pg_catalog.lo_create('24773');


ALTER LARGE OBJECT 24773 OWNER TO postgres;

--
-- Name: 24774; Type: BLOB; Schema: -; Owner: postgres
--

SELECT pg_catalog.lo_create('24774');


ALTER LARGE OBJECT 24774 OWNER TO postgres;

--
-- Name: 24775; Type: BLOB; Schema: -; Owner: postgres
--

SELECT pg_catalog.lo_create('24775');


ALTER LARGE OBJECT 24775 OWNER TO postgres;

--
-- Name: 24776; Type: BLOB; Schema: -; Owner: postgres
--

SELECT pg_catalog.lo_create('24776');


ALTER LARGE OBJECT 24776 OWNER TO postgres;

--
-- Name: 24777; Type: BLOB; Schema: -; Owner: postgres
--

SELECT pg_catalog.lo_create('24777');


ALTER LARGE OBJECT 24777 OWNER TO postgres;

--
-- Name: 24778; Type: BLOB; Schema: -; Owner: postgres
--

SELECT pg_catalog.lo_create('24778');


ALTER LARGE OBJECT 24778 OWNER TO postgres;

--
-- Name: 24779; Type: BLOB; Schema: -; Owner: postgres
--

SELECT pg_catalog.lo_create('24779');


ALTER LARGE OBJECT 24779 OWNER TO postgres;

--
-- Name: 25007; Type: BLOB; Schema: -; Owner: postgres
--

SELECT pg_catalog.lo_create('25007');


ALTER LARGE OBJECT 25007 OWNER TO postgres;

--
-- Name: 25008; Type: BLOB; Schema: -; Owner: postgres
--

SELECT pg_catalog.lo_create('25008');


ALTER LARGE OBJECT 25008 OWNER TO postgres;

--
-- Name: 25009; Type: BLOB; Schema: -; Owner: postgres
--

SELECT pg_catalog.lo_create('25009');


ALTER LARGE OBJECT 25009 OWNER TO postgres;

--
-- Name: 25010; Type: BLOB; Schema: -; Owner: postgres
--

SELECT pg_catalog.lo_create('25010');


ALTER LARGE OBJECT 25010 OWNER TO postgres;

--
-- Name: 25011; Type: BLOB; Schema: -; Owner: postgres
--

SELECT pg_catalog.lo_create('25011');


ALTER LARGE OBJECT 25011 OWNER TO postgres;

--
-- Name: 25012; Type: BLOB; Schema: -; Owner: postgres
--

SELECT pg_catalog.lo_create('25012');


ALTER LARGE OBJECT 25012 OWNER TO postgres;

--
-- Name: 25013; Type: BLOB; Schema: -; Owner: postgres
--

SELECT pg_catalog.lo_create('25013');


ALTER LARGE OBJECT 25013 OWNER TO postgres;

--
-- Name: 25014; Type: BLOB; Schema: -; Owner: postgres
--

SELECT pg_catalog.lo_create('25014');


ALTER LARGE OBJECT 25014 OWNER TO postgres;

--
-- Name: 25015; Type: BLOB; Schema: -; Owner: postgres
--

SELECT pg_catalog.lo_create('25015');


ALTER LARGE OBJECT 25015 OWNER TO postgres;

--
-- Name: 25016; Type: BLOB; Schema: -; Owner: postgres
--

SELECT pg_catalog.lo_create('25016');


ALTER LARGE OBJECT 25016 OWNER TO postgres;

--
-- Name: 25242; Type: BLOB; Schema: -; Owner: postgres
--

SELECT pg_catalog.lo_create('25242');


ALTER LARGE OBJECT 25242 OWNER TO postgres;

--
-- Name: 25243; Type: BLOB; Schema: -; Owner: postgres
--

SELECT pg_catalog.lo_create('25243');


ALTER LARGE OBJECT 25243 OWNER TO postgres;

--
-- Name: 25244; Type: BLOB; Schema: -; Owner: postgres
--

SELECT pg_catalog.lo_create('25244');


ALTER LARGE OBJECT 25244 OWNER TO postgres;

--
-- Name: 25245; Type: BLOB; Schema: -; Owner: postgres
--

SELECT pg_catalog.lo_create('25245');


ALTER LARGE OBJECT 25245 OWNER TO postgres;

--
-- Name: 25246; Type: BLOB; Schema: -; Owner: postgres
--

SELECT pg_catalog.lo_create('25246');


ALTER LARGE OBJECT 25246 OWNER TO postgres;

--
-- Name: 25247; Type: BLOB; Schema: -; Owner: postgres
--

SELECT pg_catalog.lo_create('25247');


ALTER LARGE OBJECT 25247 OWNER TO postgres;

--
-- Name: 25248; Type: BLOB; Schema: -; Owner: postgres
--

SELECT pg_catalog.lo_create('25248');


ALTER LARGE OBJECT 25248 OWNER TO postgres;

--
-- Name: 25249; Type: BLOB; Schema: -; Owner: postgres
--

SELECT pg_catalog.lo_create('25249');


ALTER LARGE OBJECT 25249 OWNER TO postgres;

--
-- Name: 25250; Type: BLOB; Schema: -; Owner: postgres
--

SELECT pg_catalog.lo_create('25250');


ALTER LARGE OBJECT 25250 OWNER TO postgres;

--
-- Name: 25251; Type: BLOB; Schema: -; Owner: postgres
--

SELECT pg_catalog.lo_create('25251');


ALTER LARGE OBJECT 25251 OWNER TO postgres;

--
-- Name: 25478; Type: BLOB; Schema: -; Owner: postgres
--

SELECT pg_catalog.lo_create('25478');


ALTER LARGE OBJECT 25478 OWNER TO postgres;

--
-- Name: 25479; Type: BLOB; Schema: -; Owner: postgres
--

SELECT pg_catalog.lo_create('25479');


ALTER LARGE OBJECT 25479 OWNER TO postgres;

--
-- Name: 25480; Type: BLOB; Schema: -; Owner: postgres
--

SELECT pg_catalog.lo_create('25480');


ALTER LARGE OBJECT 25480 OWNER TO postgres;

--
-- Name: 25481; Type: BLOB; Schema: -; Owner: postgres
--

SELECT pg_catalog.lo_create('25481');


ALTER LARGE OBJECT 25481 OWNER TO postgres;

--
-- Name: 25482; Type: BLOB; Schema: -; Owner: postgres
--

SELECT pg_catalog.lo_create('25482');


ALTER LARGE OBJECT 25482 OWNER TO postgres;

--
-- Name: 25483; Type: BLOB; Schema: -; Owner: postgres
--

SELECT pg_catalog.lo_create('25483');


ALTER LARGE OBJECT 25483 OWNER TO postgres;

--
-- Name: 25484; Type: BLOB; Schema: -; Owner: postgres
--

SELECT pg_catalog.lo_create('25484');


ALTER LARGE OBJECT 25484 OWNER TO postgres;

--
-- Name: 25485; Type: BLOB; Schema: -; Owner: postgres
--

SELECT pg_catalog.lo_create('25485');


ALTER LARGE OBJECT 25485 OWNER TO postgres;

--
-- Name: 25486; Type: BLOB; Schema: -; Owner: postgres
--

SELECT pg_catalog.lo_create('25486');


ALTER LARGE OBJECT 25486 OWNER TO postgres;

--
-- Name: 25487; Type: BLOB; Schema: -; Owner: postgres
--

SELECT pg_catalog.lo_create('25487');


ALTER LARGE OBJECT 25487 OWNER TO postgres;

--
-- Name: 25939; Type: BLOB; Schema: -; Owner: postgres
--

SELECT pg_catalog.lo_create('25939');


ALTER LARGE OBJECT 25939 OWNER TO postgres;

--
-- Name: 25940; Type: BLOB; Schema: -; Owner: postgres
--

SELECT pg_catalog.lo_create('25940');


ALTER LARGE OBJECT 25940 OWNER TO postgres;

--
-- Name: 25941; Type: BLOB; Schema: -; Owner: postgres
--

SELECT pg_catalog.lo_create('25941');


ALTER LARGE OBJECT 25941 OWNER TO postgres;

--
-- Name: 25942; Type: BLOB; Schema: -; Owner: postgres
--

SELECT pg_catalog.lo_create('25942');


ALTER LARGE OBJECT 25942 OWNER TO postgres;

--
-- Name: 25943; Type: BLOB; Schema: -; Owner: postgres
--

SELECT pg_catalog.lo_create('25943');


ALTER LARGE OBJECT 25943 OWNER TO postgres;

--
-- Name: 25944; Type: BLOB; Schema: -; Owner: postgres
--

SELECT pg_catalog.lo_create('25944');


ALTER LARGE OBJECT 25944 OWNER TO postgres;

--
-- Name: 25945; Type: BLOB; Schema: -; Owner: postgres
--

SELECT pg_catalog.lo_create('25945');


ALTER LARGE OBJECT 25945 OWNER TO postgres;

--
-- Name: 25946; Type: BLOB; Schema: -; Owner: postgres
--

SELECT pg_catalog.lo_create('25946');


ALTER LARGE OBJECT 25946 OWNER TO postgres;

--
-- Name: 25947; Type: BLOB; Schema: -; Owner: postgres
--

SELECT pg_catalog.lo_create('25947');


ALTER LARGE OBJECT 25947 OWNER TO postgres;

--
-- Name: 25948; Type: BLOB; Schema: -; Owner: postgres
--

SELECT pg_catalog.lo_create('25948');


ALTER LARGE OBJECT 25948 OWNER TO postgres;

--
-- Name: 26514; Type: BLOB; Schema: -; Owner: postgres
--

SELECT pg_catalog.lo_create('26514');


ALTER LARGE OBJECT 26514 OWNER TO postgres;

--
-- Name: 26515; Type: BLOB; Schema: -; Owner: postgres
--

SELECT pg_catalog.lo_create('26515');


ALTER LARGE OBJECT 26515 OWNER TO postgres;

--
-- Name: 26516; Type: BLOB; Schema: -; Owner: postgres
--

SELECT pg_catalog.lo_create('26516');


ALTER LARGE OBJECT 26516 OWNER TO postgres;

--
-- Name: 26517; Type: BLOB; Schema: -; Owner: postgres
--

SELECT pg_catalog.lo_create('26517');


ALTER LARGE OBJECT 26517 OWNER TO postgres;

--
-- Name: 26518; Type: BLOB; Schema: -; Owner: postgres
--

SELECT pg_catalog.lo_create('26518');


ALTER LARGE OBJECT 26518 OWNER TO postgres;

--
-- Name: 26519; Type: BLOB; Schema: -; Owner: postgres
--

SELECT pg_catalog.lo_create('26519');


ALTER LARGE OBJECT 26519 OWNER TO postgres;

--
-- Name: 26520; Type: BLOB; Schema: -; Owner: postgres
--

SELECT pg_catalog.lo_create('26520');


ALTER LARGE OBJECT 26520 OWNER TO postgres;

--
-- Name: 26521; Type: BLOB; Schema: -; Owner: postgres
--

SELECT pg_catalog.lo_create('26521');


ALTER LARGE OBJECT 26521 OWNER TO postgres;

--
-- Name: 26522; Type: BLOB; Schema: -; Owner: postgres
--

SELECT pg_catalog.lo_create('26522');


ALTER LARGE OBJECT 26522 OWNER TO postgres;

--
-- Name: 26523; Type: BLOB; Schema: -; Owner: postgres
--

SELECT pg_catalog.lo_create('26523');


ALTER LARGE OBJECT 26523 OWNER TO postgres;

--
-- Name: 26750; Type: BLOB; Schema: -; Owner: postgres
--

SELECT pg_catalog.lo_create('26750');


ALTER LARGE OBJECT 26750 OWNER TO postgres;

--
-- Name: 26751; Type: BLOB; Schema: -; Owner: postgres
--

SELECT pg_catalog.lo_create('26751');


ALTER LARGE OBJECT 26751 OWNER TO postgres;

--
-- Name: 26752; Type: BLOB; Schema: -; Owner: postgres
--

SELECT pg_catalog.lo_create('26752');


ALTER LARGE OBJECT 26752 OWNER TO postgres;

--
-- Name: 26753; Type: BLOB; Schema: -; Owner: postgres
--

SELECT pg_catalog.lo_create('26753');


ALTER LARGE OBJECT 26753 OWNER TO postgres;

--
-- Name: 26754; Type: BLOB; Schema: -; Owner: postgres
--

SELECT pg_catalog.lo_create('26754');


ALTER LARGE OBJECT 26754 OWNER TO postgres;

--
-- Name: 26755; Type: BLOB; Schema: -; Owner: postgres
--

SELECT pg_catalog.lo_create('26755');


ALTER LARGE OBJECT 26755 OWNER TO postgres;

--
-- Name: 26756; Type: BLOB; Schema: -; Owner: postgres
--

SELECT pg_catalog.lo_create('26756');


ALTER LARGE OBJECT 26756 OWNER TO postgres;

--
-- Name: 26757; Type: BLOB; Schema: -; Owner: postgres
--

SELECT pg_catalog.lo_create('26757');


ALTER LARGE OBJECT 26757 OWNER TO postgres;

--
-- Name: 26758; Type: BLOB; Schema: -; Owner: postgres
--

SELECT pg_catalog.lo_create('26758');


ALTER LARGE OBJECT 26758 OWNER TO postgres;

--
-- Name: 26759; Type: BLOB; Schema: -; Owner: postgres
--

SELECT pg_catalog.lo_create('26759');


ALTER LARGE OBJECT 26759 OWNER TO postgres;

--
-- Name: 26987; Type: BLOB; Schema: -; Owner: postgres
--

SELECT pg_catalog.lo_create('26987');


ALTER LARGE OBJECT 26987 OWNER TO postgres;

--
-- Name: 26988; Type: BLOB; Schema: -; Owner: postgres
--

SELECT pg_catalog.lo_create('26988');


ALTER LARGE OBJECT 26988 OWNER TO postgres;

--
-- Name: 26989; Type: BLOB; Schema: -; Owner: postgres
--

SELECT pg_catalog.lo_create('26989');


ALTER LARGE OBJECT 26989 OWNER TO postgres;

--
-- Name: 26990; Type: BLOB; Schema: -; Owner: postgres
--

SELECT pg_catalog.lo_create('26990');


ALTER LARGE OBJECT 26990 OWNER TO postgres;

--
-- Name: 26991; Type: BLOB; Schema: -; Owner: postgres
--

SELECT pg_catalog.lo_create('26991');


ALTER LARGE OBJECT 26991 OWNER TO postgres;

--
-- Name: 26992; Type: BLOB; Schema: -; Owner: postgres
--

SELECT pg_catalog.lo_create('26992');


ALTER LARGE OBJECT 26992 OWNER TO postgres;

--
-- Name: 26993; Type: BLOB; Schema: -; Owner: postgres
--

SELECT pg_catalog.lo_create('26993');


ALTER LARGE OBJECT 26993 OWNER TO postgres;

--
-- Name: 26994; Type: BLOB; Schema: -; Owner: postgres
--

SELECT pg_catalog.lo_create('26994');


ALTER LARGE OBJECT 26994 OWNER TO postgres;

--
-- Name: 26995; Type: BLOB; Schema: -; Owner: postgres
--

SELECT pg_catalog.lo_create('26995');


ALTER LARGE OBJECT 26995 OWNER TO postgres;

--
-- Name: 26996; Type: BLOB; Schema: -; Owner: postgres
--

SELECT pg_catalog.lo_create('26996');


ALTER LARGE OBJECT 26996 OWNER TO postgres;

--
-- Name: 27448; Type: BLOB; Schema: -; Owner: postgres
--

SELECT pg_catalog.lo_create('27448');


ALTER LARGE OBJECT 27448 OWNER TO postgres;

--
-- Name: 27449; Type: BLOB; Schema: -; Owner: postgres
--

SELECT pg_catalog.lo_create('27449');


ALTER LARGE OBJECT 27449 OWNER TO postgres;

--
-- Name: 27450; Type: BLOB; Schema: -; Owner: postgres
--

SELECT pg_catalog.lo_create('27450');


ALTER LARGE OBJECT 27450 OWNER TO postgres;

--
-- Name: 27451; Type: BLOB; Schema: -; Owner: postgres
--

SELECT pg_catalog.lo_create('27451');


ALTER LARGE OBJECT 27451 OWNER TO postgres;

--
-- Name: 27452; Type: BLOB; Schema: -; Owner: postgres
--

SELECT pg_catalog.lo_create('27452');


ALTER LARGE OBJECT 27452 OWNER TO postgres;

--
-- Name: 27453; Type: BLOB; Schema: -; Owner: postgres
--

SELECT pg_catalog.lo_create('27453');


ALTER LARGE OBJECT 27453 OWNER TO postgres;

--
-- Name: 27454; Type: BLOB; Schema: -; Owner: postgres
--

SELECT pg_catalog.lo_create('27454');


ALTER LARGE OBJECT 27454 OWNER TO postgres;

--
-- Name: 27455; Type: BLOB; Schema: -; Owner: postgres
--

SELECT pg_catalog.lo_create('27455');


ALTER LARGE OBJECT 27455 OWNER TO postgres;

--
-- Name: 27456; Type: BLOB; Schema: -; Owner: postgres
--

SELECT pg_catalog.lo_create('27456');


ALTER LARGE OBJECT 27456 OWNER TO postgres;

--
-- Name: 27457; Type: BLOB; Schema: -; Owner: postgres
--

SELECT pg_catalog.lo_create('27457');


ALTER LARGE OBJECT 27457 OWNER TO postgres;

--
-- Name: 27684; Type: BLOB; Schema: -; Owner: postgres
--

SELECT pg_catalog.lo_create('27684');


ALTER LARGE OBJECT 27684 OWNER TO postgres;

--
-- Name: 27685; Type: BLOB; Schema: -; Owner: postgres
--

SELECT pg_catalog.lo_create('27685');


ALTER LARGE OBJECT 27685 OWNER TO postgres;

--
-- Name: 27686; Type: BLOB; Schema: -; Owner: postgres
--

SELECT pg_catalog.lo_create('27686');


ALTER LARGE OBJECT 27686 OWNER TO postgres;

--
-- Name: 27687; Type: BLOB; Schema: -; Owner: postgres
--

SELECT pg_catalog.lo_create('27687');


ALTER LARGE OBJECT 27687 OWNER TO postgres;

--
-- Name: 27688; Type: BLOB; Schema: -; Owner: postgres
--

SELECT pg_catalog.lo_create('27688');


ALTER LARGE OBJECT 27688 OWNER TO postgres;

--
-- Name: 27689; Type: BLOB; Schema: -; Owner: postgres
--

SELECT pg_catalog.lo_create('27689');


ALTER LARGE OBJECT 27689 OWNER TO postgres;

--
-- Name: 27690; Type: BLOB; Schema: -; Owner: postgres
--

SELECT pg_catalog.lo_create('27690');


ALTER LARGE OBJECT 27690 OWNER TO postgres;

--
-- Name: 27691; Type: BLOB; Schema: -; Owner: postgres
--

SELECT pg_catalog.lo_create('27691');


ALTER LARGE OBJECT 27691 OWNER TO postgres;

--
-- Name: 27692; Type: BLOB; Schema: -; Owner: postgres
--

SELECT pg_catalog.lo_create('27692');


ALTER LARGE OBJECT 27692 OWNER TO postgres;

--
-- Name: 27693; Type: BLOB; Schema: -; Owner: postgres
--

SELECT pg_catalog.lo_create('27693');


ALTER LARGE OBJECT 27693 OWNER TO postgres;

--
-- Name: 27920; Type: BLOB; Schema: -; Owner: postgres
--

SELECT pg_catalog.lo_create('27920');


ALTER LARGE OBJECT 27920 OWNER TO postgres;

--
-- Name: 27921; Type: BLOB; Schema: -; Owner: postgres
--

SELECT pg_catalog.lo_create('27921');


ALTER LARGE OBJECT 27921 OWNER TO postgres;

--
-- Name: 27922; Type: BLOB; Schema: -; Owner: postgres
--

SELECT pg_catalog.lo_create('27922');


ALTER LARGE OBJECT 27922 OWNER TO postgres;

--
-- Name: 27923; Type: BLOB; Schema: -; Owner: postgres
--

SELECT pg_catalog.lo_create('27923');


ALTER LARGE OBJECT 27923 OWNER TO postgres;

--
-- Name: 27924; Type: BLOB; Schema: -; Owner: postgres
--

SELECT pg_catalog.lo_create('27924');


ALTER LARGE OBJECT 27924 OWNER TO postgres;

--
-- Name: 27925; Type: BLOB; Schema: -; Owner: postgres
--

SELECT pg_catalog.lo_create('27925');


ALTER LARGE OBJECT 27925 OWNER TO postgres;

--
-- Name: 27926; Type: BLOB; Schema: -; Owner: postgres
--

SELECT pg_catalog.lo_create('27926');


ALTER LARGE OBJECT 27926 OWNER TO postgres;

--
-- Name: 27927; Type: BLOB; Schema: -; Owner: postgres
--

SELECT pg_catalog.lo_create('27927');


ALTER LARGE OBJECT 27927 OWNER TO postgres;

--
-- Name: 27928; Type: BLOB; Schema: -; Owner: postgres
--

SELECT pg_catalog.lo_create('27928');


ALTER LARGE OBJECT 27928 OWNER TO postgres;

--
-- Name: 27929; Type: BLOB; Schema: -; Owner: postgres
--

SELECT pg_catalog.lo_create('27929');


ALTER LARGE OBJECT 27929 OWNER TO postgres;

--
-- Name: 28155; Type: BLOB; Schema: -; Owner: postgres
--

SELECT pg_catalog.lo_create('28155');


ALTER LARGE OBJECT 28155 OWNER TO postgres;

--
-- Name: 28156; Type: BLOB; Schema: -; Owner: postgres
--

SELECT pg_catalog.lo_create('28156');


ALTER LARGE OBJECT 28156 OWNER TO postgres;

--
-- Name: 28157; Type: BLOB; Schema: -; Owner: postgres
--

SELECT pg_catalog.lo_create('28157');


ALTER LARGE OBJECT 28157 OWNER TO postgres;

--
-- Name: 28158; Type: BLOB; Schema: -; Owner: postgres
--

SELECT pg_catalog.lo_create('28158');


ALTER LARGE OBJECT 28158 OWNER TO postgres;

--
-- Name: 28159; Type: BLOB; Schema: -; Owner: postgres
--

SELECT pg_catalog.lo_create('28159');


ALTER LARGE OBJECT 28159 OWNER TO postgres;

--
-- Name: 28160; Type: BLOB; Schema: -; Owner: postgres
--

SELECT pg_catalog.lo_create('28160');


ALTER LARGE OBJECT 28160 OWNER TO postgres;

--
-- Name: 28161; Type: BLOB; Schema: -; Owner: postgres
--

SELECT pg_catalog.lo_create('28161');


ALTER LARGE OBJECT 28161 OWNER TO postgres;

--
-- Name: 28162; Type: BLOB; Schema: -; Owner: postgres
--

SELECT pg_catalog.lo_create('28162');


ALTER LARGE OBJECT 28162 OWNER TO postgres;

--
-- Name: 28163; Type: BLOB; Schema: -; Owner: postgres
--

SELECT pg_catalog.lo_create('28163');


ALTER LARGE OBJECT 28163 OWNER TO postgres;

--
-- Name: 28164; Type: BLOB; Schema: -; Owner: postgres
--

SELECT pg_catalog.lo_create('28164');


ALTER LARGE OBJECT 28164 OWNER TO postgres;

--
-- Name: 28616; Type: BLOB; Schema: -; Owner: postgres
--

SELECT pg_catalog.lo_create('28616');


ALTER LARGE OBJECT 28616 OWNER TO postgres;

--
-- Name: 28617; Type: BLOB; Schema: -; Owner: postgres
--

SELECT pg_catalog.lo_create('28617');


ALTER LARGE OBJECT 28617 OWNER TO postgres;

--
-- Name: 28618; Type: BLOB; Schema: -; Owner: postgres
--

SELECT pg_catalog.lo_create('28618');


ALTER LARGE OBJECT 28618 OWNER TO postgres;

--
-- Name: 28619; Type: BLOB; Schema: -; Owner: postgres
--

SELECT pg_catalog.lo_create('28619');


ALTER LARGE OBJECT 28619 OWNER TO postgres;

--
-- Name: 28620; Type: BLOB; Schema: -; Owner: postgres
--

SELECT pg_catalog.lo_create('28620');


ALTER LARGE OBJECT 28620 OWNER TO postgres;

--
-- Name: 28621; Type: BLOB; Schema: -; Owner: postgres
--

SELECT pg_catalog.lo_create('28621');


ALTER LARGE OBJECT 28621 OWNER TO postgres;

--
-- Name: 28622; Type: BLOB; Schema: -; Owner: postgres
--

SELECT pg_catalog.lo_create('28622');


ALTER LARGE OBJECT 28622 OWNER TO postgres;

--
-- Name: 28623; Type: BLOB; Schema: -; Owner: postgres
--

SELECT pg_catalog.lo_create('28623');


ALTER LARGE OBJECT 28623 OWNER TO postgres;

--
-- Name: 28624; Type: BLOB; Schema: -; Owner: postgres
--

SELECT pg_catalog.lo_create('28624');


ALTER LARGE OBJECT 28624 OWNER TO postgres;

--
-- Name: 28625; Type: BLOB; Schema: -; Owner: postgres
--

SELECT pg_catalog.lo_create('28625');


ALTER LARGE OBJECT 28625 OWNER TO postgres;

--
-- Name: 28853; Type: BLOB; Schema: -; Owner: postgres
--

SELECT pg_catalog.lo_create('28853');


ALTER LARGE OBJECT 28853 OWNER TO postgres;

--
-- Name: 28854; Type: BLOB; Schema: -; Owner: postgres
--

SELECT pg_catalog.lo_create('28854');


ALTER LARGE OBJECT 28854 OWNER TO postgres;

--
-- Name: 28855; Type: BLOB; Schema: -; Owner: postgres
--

SELECT pg_catalog.lo_create('28855');


ALTER LARGE OBJECT 28855 OWNER TO postgres;

--
-- Name: 28856; Type: BLOB; Schema: -; Owner: postgres
--

SELECT pg_catalog.lo_create('28856');


ALTER LARGE OBJECT 28856 OWNER TO postgres;

--
-- Name: 28857; Type: BLOB; Schema: -; Owner: postgres
--

SELECT pg_catalog.lo_create('28857');


ALTER LARGE OBJECT 28857 OWNER TO postgres;

--
-- Name: 28858; Type: BLOB; Schema: -; Owner: postgres
--

SELECT pg_catalog.lo_create('28858');


ALTER LARGE OBJECT 28858 OWNER TO postgres;

--
-- Name: 28859; Type: BLOB; Schema: -; Owner: postgres
--

SELECT pg_catalog.lo_create('28859');


ALTER LARGE OBJECT 28859 OWNER TO postgres;

--
-- Name: 28860; Type: BLOB; Schema: -; Owner: postgres
--

SELECT pg_catalog.lo_create('28860');


ALTER LARGE OBJECT 28860 OWNER TO postgres;

--
-- Name: 28861; Type: BLOB; Schema: -; Owner: postgres
--

SELECT pg_catalog.lo_create('28861');


ALTER LARGE OBJECT 28861 OWNER TO postgres;

--
-- Name: 28862; Type: BLOB; Schema: -; Owner: postgres
--

SELECT pg_catalog.lo_create('28862');


ALTER LARGE OBJECT 28862 OWNER TO postgres;

--
-- Name: 29088; Type: BLOB; Schema: -; Owner: postgres
--

SELECT pg_catalog.lo_create('29088');


ALTER LARGE OBJECT 29088 OWNER TO postgres;

--
-- Name: 29089; Type: BLOB; Schema: -; Owner: postgres
--

SELECT pg_catalog.lo_create('29089');


ALTER LARGE OBJECT 29089 OWNER TO postgres;

--
-- Name: 29090; Type: BLOB; Schema: -; Owner: postgres
--

SELECT pg_catalog.lo_create('29090');


ALTER LARGE OBJECT 29090 OWNER TO postgres;

--
-- Name: 29091; Type: BLOB; Schema: -; Owner: postgres
--

SELECT pg_catalog.lo_create('29091');


ALTER LARGE OBJECT 29091 OWNER TO postgres;

--
-- Name: 29092; Type: BLOB; Schema: -; Owner: postgres
--

SELECT pg_catalog.lo_create('29092');


ALTER LARGE OBJECT 29092 OWNER TO postgres;

--
-- Name: 29093; Type: BLOB; Schema: -; Owner: postgres
--

SELECT pg_catalog.lo_create('29093');


ALTER LARGE OBJECT 29093 OWNER TO postgres;

--
-- Name: 29094; Type: BLOB; Schema: -; Owner: postgres
--

SELECT pg_catalog.lo_create('29094');


ALTER LARGE OBJECT 29094 OWNER TO postgres;

--
-- Name: 29095; Type: BLOB; Schema: -; Owner: postgres
--

SELECT pg_catalog.lo_create('29095');


ALTER LARGE OBJECT 29095 OWNER TO postgres;

--
-- Name: 29096; Type: BLOB; Schema: -; Owner: postgres
--

SELECT pg_catalog.lo_create('29096');


ALTER LARGE OBJECT 29096 OWNER TO postgres;

--
-- Name: 29097; Type: BLOB; Schema: -; Owner: postgres
--

SELECT pg_catalog.lo_create('29097');


ALTER LARGE OBJECT 29097 OWNER TO postgres;

--
-- Name: 29550; Type: BLOB; Schema: -; Owner: postgres
--

SELECT pg_catalog.lo_create('29550');


ALTER LARGE OBJECT 29550 OWNER TO postgres;

--
-- Name: 29551; Type: BLOB; Schema: -; Owner: postgres
--

SELECT pg_catalog.lo_create('29551');


ALTER LARGE OBJECT 29551 OWNER TO postgres;

--
-- Name: 29552; Type: BLOB; Schema: -; Owner: postgres
--

SELECT pg_catalog.lo_create('29552');


ALTER LARGE OBJECT 29552 OWNER TO postgres;

--
-- Name: 29553; Type: BLOB; Schema: -; Owner: postgres
--

SELECT pg_catalog.lo_create('29553');


ALTER LARGE OBJECT 29553 OWNER TO postgres;

--
-- Name: 29554; Type: BLOB; Schema: -; Owner: postgres
--

SELECT pg_catalog.lo_create('29554');


ALTER LARGE OBJECT 29554 OWNER TO postgres;

--
-- Name: 29555; Type: BLOB; Schema: -; Owner: postgres
--

SELECT pg_catalog.lo_create('29555');


ALTER LARGE OBJECT 29555 OWNER TO postgres;

--
-- Name: 29556; Type: BLOB; Schema: -; Owner: postgres
--

SELECT pg_catalog.lo_create('29556');


ALTER LARGE OBJECT 29556 OWNER TO postgres;

--
-- Name: 29557; Type: BLOB; Schema: -; Owner: postgres
--

SELECT pg_catalog.lo_create('29557');


ALTER LARGE OBJECT 29557 OWNER TO postgres;

--
-- Name: 29558; Type: BLOB; Schema: -; Owner: postgres
--

SELECT pg_catalog.lo_create('29558');


ALTER LARGE OBJECT 29558 OWNER TO postgres;

--
-- Name: 29559; Type: BLOB; Schema: -; Owner: postgres
--

SELECT pg_catalog.lo_create('29559');


ALTER LARGE OBJECT 29559 OWNER TO postgres;

--
-- Name: 29785; Type: BLOB; Schema: -; Owner: postgres
--

SELECT pg_catalog.lo_create('29785');


ALTER LARGE OBJECT 29785 OWNER TO postgres;

--
-- Name: 29786; Type: BLOB; Schema: -; Owner: postgres
--

SELECT pg_catalog.lo_create('29786');


ALTER LARGE OBJECT 29786 OWNER TO postgres;

--
-- Name: 29787; Type: BLOB; Schema: -; Owner: postgres
--

SELECT pg_catalog.lo_create('29787');


ALTER LARGE OBJECT 29787 OWNER TO postgres;

--
-- Name: 29788; Type: BLOB; Schema: -; Owner: postgres
--

SELECT pg_catalog.lo_create('29788');


ALTER LARGE OBJECT 29788 OWNER TO postgres;

--
-- Name: 29789; Type: BLOB; Schema: -; Owner: postgres
--

SELECT pg_catalog.lo_create('29789');


ALTER LARGE OBJECT 29789 OWNER TO postgres;

--
-- Name: 29790; Type: BLOB; Schema: -; Owner: postgres
--

SELECT pg_catalog.lo_create('29790');


ALTER LARGE OBJECT 29790 OWNER TO postgres;

--
-- Name: 29791; Type: BLOB; Schema: -; Owner: postgres
--

SELECT pg_catalog.lo_create('29791');


ALTER LARGE OBJECT 29791 OWNER TO postgres;

--
-- Name: 29792; Type: BLOB; Schema: -; Owner: postgres
--

SELECT pg_catalog.lo_create('29792');


ALTER LARGE OBJECT 29792 OWNER TO postgres;

--
-- Name: 29793; Type: BLOB; Schema: -; Owner: postgres
--

SELECT pg_catalog.lo_create('29793');


ALTER LARGE OBJECT 29793 OWNER TO postgres;

--
-- Name: 29794; Type: BLOB; Schema: -; Owner: postgres
--

SELECT pg_catalog.lo_create('29794');


ALTER LARGE OBJECT 29794 OWNER TO postgres;

--
-- Name: 30022; Type: BLOB; Schema: -; Owner: postgres
--

SELECT pg_catalog.lo_create('30022');


ALTER LARGE OBJECT 30022 OWNER TO postgres;

--
-- Name: 30023; Type: BLOB; Schema: -; Owner: postgres
--

SELECT pg_catalog.lo_create('30023');


ALTER LARGE OBJECT 30023 OWNER TO postgres;

--
-- Name: 30024; Type: BLOB; Schema: -; Owner: postgres
--

SELECT pg_catalog.lo_create('30024');


ALTER LARGE OBJECT 30024 OWNER TO postgres;

--
-- Name: 30025; Type: BLOB; Schema: -; Owner: postgres
--

SELECT pg_catalog.lo_create('30025');


ALTER LARGE OBJECT 30025 OWNER TO postgres;

--
-- Name: 30026; Type: BLOB; Schema: -; Owner: postgres
--

SELECT pg_catalog.lo_create('30026');


ALTER LARGE OBJECT 30026 OWNER TO postgres;

--
-- Name: 30027; Type: BLOB; Schema: -; Owner: postgres
--

SELECT pg_catalog.lo_create('30027');


ALTER LARGE OBJECT 30027 OWNER TO postgres;

--
-- Name: 30028; Type: BLOB; Schema: -; Owner: postgres
--

SELECT pg_catalog.lo_create('30028');


ALTER LARGE OBJECT 30028 OWNER TO postgres;

--
-- Name: 30029; Type: BLOB; Schema: -; Owner: postgres
--

SELECT pg_catalog.lo_create('30029');


ALTER LARGE OBJECT 30029 OWNER TO postgres;

--
-- Name: 30030; Type: BLOB; Schema: -; Owner: postgres
--

SELECT pg_catalog.lo_create('30030');


ALTER LARGE OBJECT 30030 OWNER TO postgres;

--
-- Name: 30031; Type: BLOB; Schema: -; Owner: postgres
--

SELECT pg_catalog.lo_create('30031');


ALTER LARGE OBJECT 30031 OWNER TO postgres;

--
-- Name: 30258; Type: BLOB; Schema: -; Owner: postgres
--

SELECT pg_catalog.lo_create('30258');


ALTER LARGE OBJECT 30258 OWNER TO postgres;

--
-- Name: 30259; Type: BLOB; Schema: -; Owner: postgres
--

SELECT pg_catalog.lo_create('30259');


ALTER LARGE OBJECT 30259 OWNER TO postgres;

--
-- Name: 30260; Type: BLOB; Schema: -; Owner: postgres
--

SELECT pg_catalog.lo_create('30260');


ALTER LARGE OBJECT 30260 OWNER TO postgres;

--
-- Name: 30261; Type: BLOB; Schema: -; Owner: postgres
--

SELECT pg_catalog.lo_create('30261');


ALTER LARGE OBJECT 30261 OWNER TO postgres;

--
-- Name: 30262; Type: BLOB; Schema: -; Owner: postgres
--

SELECT pg_catalog.lo_create('30262');


ALTER LARGE OBJECT 30262 OWNER TO postgres;

--
-- Name: 30263; Type: BLOB; Schema: -; Owner: postgres
--

SELECT pg_catalog.lo_create('30263');


ALTER LARGE OBJECT 30263 OWNER TO postgres;

--
-- Name: 30264; Type: BLOB; Schema: -; Owner: postgres
--

SELECT pg_catalog.lo_create('30264');


ALTER LARGE OBJECT 30264 OWNER TO postgres;

--
-- Name: 30265; Type: BLOB; Schema: -; Owner: postgres
--

SELECT pg_catalog.lo_create('30265');


ALTER LARGE OBJECT 30265 OWNER TO postgres;

--
-- Name: 30266; Type: BLOB; Schema: -; Owner: postgres
--

SELECT pg_catalog.lo_create('30266');


ALTER LARGE OBJECT 30266 OWNER TO postgres;

--
-- Name: 30267; Type: BLOB; Schema: -; Owner: postgres
--

SELECT pg_catalog.lo_create('30267');


ALTER LARGE OBJECT 30267 OWNER TO postgres;

--
-- Data for Name: _admin; Type: TABLE DATA; Schema: public; Owner: postgres
--

COPY public._admin (username) FROM stdin;
admin
\.


--
-- Data for Name: _available_time_slot; Type: TABLE DATA; Schema: public; Owner: postgres
--

COPY public._available_time_slot (id, end_date, start_date, property_id) FROM stdin;
\.


--
-- Data for Name: _city; Type: TABLE DATA; Schema: public; Owner: postgres
--

COPY public._city (id, name, country_id) FROM stdin;
1	New Kingston	1
2	Pyongyang	2
3	Shymkent	3
4	Colombo	4
5	Antipolo	5
6	Baghdad	6
7	Al Basrah al Qadimah	6
8	Zaporizhzhya	7
9	Bouake	8
10	Abobo	8
11	Leeds	9
12	Kuala Lumpur	10
13	Krakow	11
14	Belgrade	12
15	Cheongju-si	2
16	Ta'if	13
17	Stockholm	14
18	Taiz	15
19	Tembisa	16
20	Can Tho	17
21	Mississauga	18
22	Montreal	18
23	Puente Alto	19
24	As Sulaymaniyah	6
25	Naples	20
26	Medellin	21
27	Yerevan	22
28	Melbourne	23
29	Cartagena	21
30	Edmonton	18
31	Brisbane	23
32	Libreville	24
33	Santiago de los Caballeros	25
34	Algiers	26
35	Alexandria	27
36	Kowloon	28
37	Glasgow	9
38	Kakamega	29
39	Agadir	30
40	Ulan Bator	31
41	Muscat	32
42	Paranaque City	5
43	Kota Bharu	10
44	Busan	2
45	Seongnam-si	2
46	Malacca	10
47	Bremen	33
48	Mosul	6
49	Basrah	6
50	Mukalla	15
51	Harare	34
52	Essen	33
53	Kabul	35
54	N'Djamena	36
55	Sevastopol	7
56	Jeddah	13
57	Singapore	37
58	Poznan	11
59	Makati City	5
60	Odesa	7
61	Marrakesh	30
62	Niamey	38
63	Liverpool	9
64	Bucaramanga	21
65	Boumerdas	26
66	Asmara	39
67	Pikine	40
68	Dakar	40
69	Barcelona	41
70	Kampala	42
71	Bloemfontein	16
72	Abu Ghurayb	6
73	Antwerpen	43
74	Bangui	44
75	Irbid	45
76	Bishkek	46
77	Klang	10
78	Dublin	47
79	Dammam	13
80	Dushanbe	48
81	Asuncion	49
82	Tebessa	26
83	Hamburg	33
84	Al Ahmadi	50
85	Beirut	51
86	Lilongwe	52
87	Conakry	53
88	Montevideo	54
89	Valencia	55
90	Kharkiv	7
91	Petaling Jaya	10
92	Arequipa	56
93	Brussels	43
94	Cotonou	57
95	Minsk	58
96	Lubumbashi	59
97	Valencia	41
98	Comilla	60
99	San Miguel de Tucuman	61
100	Ha'il	13
101	Touba	40
102	Damascus	62
103	Tunis	63
104	Ipoh	10
105	Kuantan	10
106	Kathmandu	64
107	Las Pinas	5
108	Ibague	21
109	Copenhagen	65
110	Port Elizabeth	16
111	Cape Town	16
112	Haiphong	17
113	Yangon	66
114	Kirkuk	6
115	Al Mawsil al Jadidah	6
116	Munich	33
117	Hong Kong	28
118	Kigali	67
119	Mbuji-Mayi	59
120	Santiago	19
121	Pohang	2
122	Kimhae	2
123	Cheonan	2
124	General Santos	5
125	Jerusalem	68
126	Brampton	18
127	Lviv	7
128	Kyiv	7
129	Port Said	27
130	Asyut	27
131	Budapest	69
132	Frankfurt am Main	33
133	Aden	15
134	Phnom Penh	70
135	Nouakchott	71
136	Rome	20
137	Johor Bahru	10
138	Sultanah	13
139	Sofia	72
140	Berlin	33
141	Guayaquil	73
142	Buenos Aires	61
143	Nuernberg	33
144	Koeln	33
145	Duisburg	33
146	Riga	74
147	Rabat	30
148	Blantyre	52
149	Zarqa	45
150	Villa Nueva	75
151	Tegucigalpa	76
152	Fes	30
153	Rotterdam	77
154	Lima	56
155	Quezon City	5
156	Bulawayo	34
157	Bogota	21
158	Santiago de Cuba	78
159	Quito	73
160	Tanta	27
161	Shubra al Khaymah	27
162	Cairo	27
163	Al Mahallah al Kubra	27
164	Birmingham	9
165	Port-au-Prince	79
166	Dresden	33
167	Homyel'	58
168	Winnipeg	18
169	Kingston	1
170	Nairobi	29
171	Kota Kinabalu	10
172	Al Mansurah	27
173	Sevilla	41
174	Madrid	41
175	Erbil	6
176	Genoa	20
177	Buraydah	13
178	Mogadishu	80
179	Homs	62
180	Lisbon	81
181	Taguig	5
182	Banqiao	82
183	Thuan An	17
184	Sanaa	15
185	Pretoria	16
186	Pietermaritzburg	16
187	Abu Dhabi	83
188	Rosario	61
189	Vancouver	18
190	Kinshasa	59
191	Cucuta	21
192	Luanda	84
193	Takeo	70
194	Daegu	2
195	Vilnius	85
196	Kampung Baru Subang	10
197	Subang Jaya	10
198	Maputo	86
199	Cebu City	5
200	Callao	56
201	Tashkent	87
202	Maturin	55
203	Donetsk	7
204	Taichung	82
205	Hanoi	17
206	Santo Domingo Oeste	25
207	Malaga	41
208	Santo Domingo Este	25
209	Al Fayyum	27
210	Sarajevo	88
211	London	9
212	Accra	89
213	Gwangju	2
214	Ansan-si	2
215	Casablanca	30
216	Nyala	90
217	Bucharest	91
218	Dnipro	7
219	Pasig City	5
220	Omdurman	90
221	Khartoum	90
222	Ouagadougou	92
223	Santa Cruz de la Sierra	93
224	Djibouti	94
225	Grosszschocher	33
226	Caracas	55
227	Durban	16
228	Bien Hoa	17
229	Mandalay	66
230	Macau	95
231	Nampula	86
232	San Pedro Sula	76
233	Kandahar	35
234	Gold Coast	23
235	Najran	13
236	Bangkok	96
237	Samarkand	87
238	Kaohsiung	82
239	Da Nang	17
240	Tripoli	97
241	Sale	30
242	Trujillo	56
243	Davao	5
244	Madinat an Nasr	27
245	Tuen Mun	28
246	Kleinzschocher	33
247	Herat	35
248	Vienna	98
249	San Salvador	99
250	Ciudad Guayana	55
251	Barcelona	55
252	Al Hudaydah	15
253	Soweto	16
254	Benoni	16
255	Ho Chi Minh City	17
256	Pointe-Noire	59
257	Brazzaville	59
258	Cordoba	61
259	Aktobe	3
260	Chisinau	100
261	Wroclaw	11
262	Oslo	101
263	Caloocan City	5
264	Lome	102
265	Kryvyy Rih	7
266	Amman	45
267	Goyang-si	2
268	Monrovia	103
269	Meknes	30
270	Antananarivo	104
271	Helsinki	105
272	Barquisimeto	55
273	Marseille	106
274	Lyon	106
275	Kumasi	89
276	Suez	27
277	Giza	27
278	Suwon	2
279	Incheon	2
280	Hwaseong-si	2
281	Changwon	2
282	Bamako	107
283	Beira	86
284	Amsterdam	77
285	Manila	5
286	Calamba	5
287	Medina	13
288	Taipei	82
289	Hamilton	18
290	Daejeon	2
291	Turin	20
292	Edinburgh	9
293	Namangan	87
294	Santo Domingo	25
295	Yaounde	108
296	Sharjah	83
297	Al Ain City	83
298	Perth	23
299	Bucheon-si	2
300	Tangier	30
301	Nay Pyi Taw	66
302	Karbala	6
303	Milan	20
304	Athens	109
305	Mecca	13
306	Freetown	110
307	Bujumbura	111
308	Quebec	18
309	Havana	78
310	Dhaka	60
311	Mazar-e Sharif	35
312	Mar del Plata	61
313	Salta	61
314	Managua	112
315	Hamhung	2
316	Seoul	2
317	Benghazi	97
318	Sheffield	9
319	Camayenne	53
320	Zagreb	113
321	Tabuk	13
322	Riyadh	13
323	Matola	86
324	Jeonju	2
325	Almaty	3
326	Maracay	55
327	Budta	5
328	Cali	21
329	Abidjan	8
330	Douala	108
331	Leipzig	33
332	Hannover	33
333	Duesseldorf	33
334	Dubai	83
335	Guatemala City	75
336	Cuenca	73
337	Addis Ababa	114
338	Baku	115
339	Lodz	11
340	Mombasa	29
341	Ulsan	2
342	Ra's Bayrut	51
343	Malingao	5
344	Warsaw	11
345	Goeteborg	14
346	Dar es Salaam	116
347	Adelaide	23
348	Chattogram	60
349	Bobo-Dioulasso	92
350	La Paz	93
351	Calgary	18
352	Ottawa	18
353	Toronto	18
354	Kisangani	59
355	Shah Alam	10
356	Johannesburg	16
357	Paris	106
358	Sydney	23
359	Khulna	60
360	Aleppo	62
361	Ar Raqqah	62
362	Anyang-si	2
363	Nasiriyah	6
364	Palermo	20
365	Tbilisi	117
366	Victoria	28
367	Lusaka	118
368	Rajshahi	60
369	Rangpur	60
370	Cochabamba	93
371	Barranquilla	21
372	Prague	119
373	Stuttgart	33
374	Oran	26
375	Zaragoza	41
376	Dortmund	33
377	Chiclayo	56
378	Maracaibo	55
379	Latakia	62
380	Ashgabat	120
381	Tainan	82
\.


--
-- Data for Name: _conversation; Type: TABLE DATA; Schema: public; Owner: postgres
--

COPY public._conversation (id, deleted_by_host, guest_user_username, property_id) FROM stdin;
\.


--
-- Data for Name: _country; Type: TABLE DATA; Schema: public; Owner: postgres
--

COPY public._country (id, name) FROM stdin;
1	Jamaica
2	Korea
3	Kazakhstan
4	Sri Lanka
5	Philippines
6	Iraq
7	Ukraine
8	Cte d'Ivoire
9	United Kingdom
10	Malaysia
11	Poland
12	Serbia
13	Saudi Arabia
14	Sweden
15	Yemen
16	South Africa
17	Viet Nam
18	Canada
19	Chile
20	Italy
21	Colombia
22	Armenia
23	Australia
24	Gabon
25	Dominican Republic
26	Algeria
27	Egypt
28	Hong Kong
29	Kenya
30	Morocco
31	Mongolia
32	Oman
33	Germany
34	Zimbabwe
35	Afghanistan
36	Chad
37	Singapore
38	Niger
39	Eritrea
40	Senegal
41	Spain
42	Uganda
43	Belgium
44	Central African Republic
45	Jordan
46	Kyrgyzstan
47	Ireland
48	Tajikistan
49	Paraguay
50	Kuwait
51	Lebanon
52	Malawi
53	Guinea
54	Uruguay
55	Venezuela
56	Peru
57	Benin
58	Belarus
59	Congo
60	Bangladesh
61	Argentina
62	Syrian Arab Republic
63	Tunisia
64	Nepal
65	Denmark
66	Myanmar
67	Rwanda
68	Israel
69	Hungary
70	Cambodia
71	Mauritania
72	Bulgaria
73	Ecuador
74	Latvia
75	Guatemala
76	Honduras
77	Netherlands
78	Cuba
79	Haiti
80	Somalia
81	Portugal
82	Taiwan
83	United Arab Emirates
84	Angola
85	Lithuania
86	Mozambique
87	Uzbekistan
88	Bosnia and Herzegovina
89	Ghana
90	Sudan
91	Romania
92	Burkina Faso
93	Bolivia
94	Djibouti
95	Macau
96	Thailand
97	Libyan Arab Jamahiriya
98	Austria
99	El Salvador
100	Moldova
101	Norway
102	Togo
103	Liberia
104	Madagascar
105	Finland
106	France
107	Mali
108	Cameroon
109	Greece
110	Sierra Leone
111	Burundi
112	Nicaragua
113	Croatia
114	Ethiopia
115	Azerbaijan
116	Tanzania
117	Georgia
118	Zambia
119	Czech Republic
120	Turkmenistan
\.


--
-- Data for Name: _guest; Type: TABLE DATA; Schema: public; Owner: postgres
--

COPY public._guest (username) FROM stdin;
admin
\.


--
-- Data for Name: _host; Type: TABLE DATA; Schema: public; Owner: postgres
--

COPY public._host (username) FROM stdin;
admin
\.


--
-- Data for Name: _image; Type: TABLE DATA; Schema: public; Owner: postgres
--

COPY public._image (id, is_main, path) FROM stdin;
\.


--
-- Data for Name: _message; Type: TABLE DATA; Schema: public; Owner: postgres
--

COPY public._message (id, sent_on, text, conversation_id, sent_by_username) FROM stdin;
\.


--
-- Data for Name: _property; Type: TABLE DATA; Schema: public; Owner: postgres
--

COPY public._property (id, address, description, latitude, longitude, name, space_area, type, city_id, host_username) FROM stdin;
1	Address 1	30258	\N	\N	Property 1	1	PRIVATE_PROPERTY	1	admin
2	Address 2	30259	\N	\N	Property 2	1	PRIVATE_PROPERTY	2	admin
3	Address 3	30260	\N	\N	Property 3	1	PRIVATE_PROPERTY	3	admin
4	Address 4	30261	\N	\N	Property 4	1	PRIVATE_PROPERTY	4	admin
5	Address 5	30262	\N	\N	Property 5	1	PRIVATE_PROPERTY	5	admin
6	Address 6	30263	\N	\N	Property 6	1	PRIVATE_PROPERTY	6	admin
7	Address 7	30264	\N	\N	Property 7	1	PRIVATE_PROPERTY	7	admin
8	Address 8	30265	\N	\N	Property 8	1	PRIVATE_PROPERTY	8	admin
9	Address 9	30266	\N	\N	Property 9	1	PRIVATE_PROPERTY	9	admin
10	Address 10	30267	\N	\N	Property 10	1	PRIVATE_PROPERTY	10	admin
\.


--
-- Data for Name: _property_amenities; Type: TABLE DATA; Schema: public; Owner: postgres
--

COPY public._property_amenities (property_id, has_elevator, has_heating, has_kitchen, has_lounge, has_parking, has_refrigerator, has_tv, has_wifi, num_bathrooms, num_bedrooms, num_beds) FROM stdin;
1	t	f	t	f	t	t	f	f	1	1	1
2	f	t	f	t	f	f	t	t	2	2	2
3	t	f	t	f	t	t	f	f	3	3	3
4	f	t	f	t	f	f	t	t	4	4	4
5	t	f	t	f	t	t	f	f	5	5	5
6	f	t	f	t	f	f	t	t	6	6	6
7	t	f	t	f	t	t	f	f	7	7	7
8	f	t	f	t	f	f	t	t	8	8	8
9	t	f	t	f	t	t	f	f	9	9	9
10	f	t	f	t	f	f	t	t	10	10	10
\.


--
-- Data for Name: _property_image; Type: TABLE DATA; Schema: public; Owner: postgres
--

COPY public._property_image (property_id, image_id) FROM stdin;
\.


--
-- Data for Name: _property_rules; Type: TABLE DATA; Schema: public; Owner: postgres
--

COPY public._property_rules (property_id, base_day_cost, events_allowed, min_reservation_days, per_guest_cost, pets_allowed, smoking_allowed) FROM stdin;
1	20	f	1	1	t	f
2	20	t	2	2	f	t
3	20	f	3	3	t	f
4	20	t	4	4	f	t
5	20	f	5	5	t	f
6	20	t	6	6	f	t
7	20	f	7	7	t	f
8	20	t	8	8	f	t
9	20	f	9	9	t	f
10	20	t	10	10	f	t
\.


--
-- Data for Name: _reservation; Type: TABLE DATA; Schema: public; Owner: postgres
--

COPY public._reservation (id, end_date, num_persons, start_date, guest_username, property_id) FROM stdin;
\.


--
-- Data for Name: _review; Type: TABLE DATA; Schema: public; Owner: postgres
--

COPY public._review (id, created_on, stars, text, guest_username, property_id) FROM stdin;
\.


--
-- Data for Name: _role; Type: TABLE DATA; Schema: public; Owner: postgres
--

COPY public._role (name) FROM stdin;
ADMIN
GUEST
HOST
\.


--
-- Data for Name: _user; Type: TABLE DATA; Schema: public; Owner: postgres
--

COPY public._user (username, email, first_name, is_active, is_locked, last_name, mobile_number, password, image_id) FROM stdin;
admin	\N	\N	t	f	\N	\N	$2a$10$jdTbh.G.fC0vptMPlCdenuZ4E6PCCHv6IQvWmuzoak0wZM3zO7ss2	\N
\.


--
-- Data for Name: user_role; Type: TABLE DATA; Schema: public; Owner: postgres
--

COPY public.user_role (user_username, role_name) FROM stdin;
admin	ADMIN
admin	GUEST
admin	HOST
\.


--
-- Name: _available_time_slot_id_seq; Type: SEQUENCE SET; Schema: public; Owner: postgres
--

SELECT pg_catalog.setval('public._available_time_slot_id_seq', 1, false);


--
-- Name: _city_id_seq; Type: SEQUENCE SET; Schema: public; Owner: postgres
--

SELECT pg_catalog.setval('public._city_id_seq', 381, true);


--
-- Name: _conversation_id_seq; Type: SEQUENCE SET; Schema: public; Owner: postgres
--

SELECT pg_catalog.setval('public._conversation_id_seq', 1, false);


--
-- Name: _country_id_seq; Type: SEQUENCE SET; Schema: public; Owner: postgres
--

SELECT pg_catalog.setval('public._country_id_seq', 120, true);


--
-- Name: _image_id_seq; Type: SEQUENCE SET; Schema: public; Owner: postgres
--

SELECT pg_catalog.setval('public._image_id_seq', 1, false);


--
-- Name: _message_id_seq; Type: SEQUENCE SET; Schema: public; Owner: postgres
--

SELECT pg_catalog.setval('public._message_id_seq', 1, false);


--
-- Name: _property_id_seq; Type: SEQUENCE SET; Schema: public; Owner: postgres
--

SELECT pg_catalog.setval('public._property_id_seq', 10, true);


--
-- Name: _reservation_id_seq; Type: SEQUENCE SET; Schema: public; Owner: postgres
--

SELECT pg_catalog.setval('public._reservation_id_seq', 1, false);


--
-- Name: _review_id_seq; Type: SEQUENCE SET; Schema: public; Owner: postgres
--

SELECT pg_catalog.setval('public._review_id_seq', 1, false);


--
-- Data for Name: BLOBS; Type: BLOBS; Schema: -; Owner: -
--

BEGIN;

SELECT pg_catalog.lo_open('17969', 131072);
SELECT pg_catalog.lowrite(0, '\x446573632031');
SELECT pg_catalog.lo_close(0);

SELECT pg_catalog.lo_open('17970', 131072);
SELECT pg_catalog.lowrite(0, '\x446573632032');
SELECT pg_catalog.lo_close(0);

SELECT pg_catalog.lo_open('17971', 131072);
SELECT pg_catalog.lowrite(0, '\x446573632033');
SELECT pg_catalog.lo_close(0);

SELECT pg_catalog.lo_open('17972', 131072);
SELECT pg_catalog.lowrite(0, '\x446573632034');
SELECT pg_catalog.lo_close(0);

SELECT pg_catalog.lo_open('17973', 131072);
SELECT pg_catalog.lowrite(0, '\x446573632035');
SELECT pg_catalog.lo_close(0);

SELECT pg_catalog.lo_open('17974', 131072);
SELECT pg_catalog.lowrite(0, '\x446573632036');
SELECT pg_catalog.lo_close(0);

SELECT pg_catalog.lo_open('17975', 131072);
SELECT pg_catalog.lowrite(0, '\x446573632037');
SELECT pg_catalog.lo_close(0);

SELECT pg_catalog.lo_open('17976', 131072);
SELECT pg_catalog.lowrite(0, '\x446573632038');
SELECT pg_catalog.lo_close(0);

SELECT pg_catalog.lo_open('17977', 131072);
SELECT pg_catalog.lowrite(0, '\x446573632039');
SELECT pg_catalog.lo_close(0);

SELECT pg_catalog.lo_open('17978', 131072);
SELECT pg_catalog.lowrite(0, '\x44657363203130');
SELECT pg_catalog.lo_close(0);

SELECT pg_catalog.lo_open('18204', 131072);
SELECT pg_catalog.lowrite(0, '\x446573632031');
SELECT pg_catalog.lo_close(0);

SELECT pg_catalog.lo_open('18205', 131072);
SELECT pg_catalog.lowrite(0, '\x446573632032');
SELECT pg_catalog.lo_close(0);

SELECT pg_catalog.lo_open('18206', 131072);
SELECT pg_catalog.lowrite(0, '\x446573632033');
SELECT pg_catalog.lo_close(0);

SELECT pg_catalog.lo_open('18207', 131072);
SELECT pg_catalog.lowrite(0, '\x446573632034');
SELECT pg_catalog.lo_close(0);

SELECT pg_catalog.lo_open('18208', 131072);
SELECT pg_catalog.lowrite(0, '\x446573632035');
SELECT pg_catalog.lo_close(0);

SELECT pg_catalog.lo_open('18209', 131072);
SELECT pg_catalog.lowrite(0, '\x446573632036');
SELECT pg_catalog.lo_close(0);

SELECT pg_catalog.lo_open('18210', 131072);
SELECT pg_catalog.lowrite(0, '\x446573632037');
SELECT pg_catalog.lo_close(0);

SELECT pg_catalog.lo_open('18211', 131072);
SELECT pg_catalog.lowrite(0, '\x446573632038');
SELECT pg_catalog.lo_close(0);

SELECT pg_catalog.lo_open('18212', 131072);
SELECT pg_catalog.lowrite(0, '\x446573632039');
SELECT pg_catalog.lo_close(0);

SELECT pg_catalog.lo_open('18213', 131072);
SELECT pg_catalog.lowrite(0, '\x44657363203130');
SELECT pg_catalog.lo_close(0);

SELECT pg_catalog.lo_open('18440', 131072);
SELECT pg_catalog.lowrite(0, '\x446573632031');
SELECT pg_catalog.lo_close(0);

SELECT pg_catalog.lo_open('18668', 131072);
SELECT pg_catalog.lowrite(0, '\x446573632031');
SELECT pg_catalog.lo_close(0);

SELECT pg_catalog.lo_open('18895', 131072);
SELECT pg_catalog.lowrite(0, '\x446573632031');
SELECT pg_catalog.lo_close(0);

SELECT pg_catalog.lo_open('19123', 131072);
SELECT pg_catalog.lowrite(0, '\x446573632031');
SELECT pg_catalog.lo_close(0);

SELECT pg_catalog.lo_open('19124', 131072);
SELECT pg_catalog.lowrite(0, '\x446573632031');
SELECT pg_catalog.lo_close(0);

SELECT pg_catalog.lo_open('19125', 131072);
SELECT pg_catalog.lowrite(0, '\x446573632032');
SELECT pg_catalog.lo_close(0);

SELECT pg_catalog.lo_open('19126', 131072);
SELECT pg_catalog.lowrite(0, '\x446573632032');
SELECT pg_catalog.lo_close(0);

SELECT pg_catalog.lo_open('19127', 131072);
SELECT pg_catalog.lowrite(0, '\x446573632033');
SELECT pg_catalog.lo_close(0);

SELECT pg_catalog.lo_open('19128', 131072);
SELECT pg_catalog.lowrite(0, '\x446573632033');
SELECT pg_catalog.lo_close(0);

SELECT pg_catalog.lo_open('19129', 131072);
SELECT pg_catalog.lowrite(0, '\x446573632034');
SELECT pg_catalog.lo_close(0);

SELECT pg_catalog.lo_open('19130', 131072);
SELECT pg_catalog.lowrite(0, '\x446573632034');
SELECT pg_catalog.lo_close(0);

SELECT pg_catalog.lo_open('19131', 131072);
SELECT pg_catalog.lowrite(0, '\x446573632035');
SELECT pg_catalog.lo_close(0);

SELECT pg_catalog.lo_open('19132', 131072);
SELECT pg_catalog.lowrite(0, '\x446573632035');
SELECT pg_catalog.lo_close(0);

SELECT pg_catalog.lo_open('19133', 131072);
SELECT pg_catalog.lowrite(0, '\x446573632036');
SELECT pg_catalog.lo_close(0);

SELECT pg_catalog.lo_open('19134', 131072);
SELECT pg_catalog.lowrite(0, '\x446573632036');
SELECT pg_catalog.lo_close(0);

SELECT pg_catalog.lo_open('19135', 131072);
SELECT pg_catalog.lowrite(0, '\x446573632037');
SELECT pg_catalog.lo_close(0);

SELECT pg_catalog.lo_open('19136', 131072);
SELECT pg_catalog.lowrite(0, '\x446573632037');
SELECT pg_catalog.lo_close(0);

SELECT pg_catalog.lo_open('19137', 131072);
SELECT pg_catalog.lowrite(0, '\x446573632038');
SELECT pg_catalog.lo_close(0);

SELECT pg_catalog.lo_open('19138', 131072);
SELECT pg_catalog.lowrite(0, '\x446573632038');
SELECT pg_catalog.lo_close(0);

SELECT pg_catalog.lo_open('19139', 131072);
SELECT pg_catalog.lowrite(0, '\x446573632039');
SELECT pg_catalog.lo_close(0);

SELECT pg_catalog.lo_open('19140', 131072);
SELECT pg_catalog.lowrite(0, '\x446573632039');
SELECT pg_catalog.lo_close(0);

SELECT pg_catalog.lo_open('19141', 131072);
SELECT pg_catalog.lowrite(0, '\x44657363203130');
SELECT pg_catalog.lo_close(0);

SELECT pg_catalog.lo_open('19142', 131072);
SELECT pg_catalog.lowrite(0, '\x44657363203130');
SELECT pg_catalog.lo_close(0);

SELECT pg_catalog.lo_open('19594', 131072);
SELECT pg_catalog.lowrite(0, '\x446573632031');
SELECT pg_catalog.lo_close(0);

SELECT pg_catalog.lo_open('19595', 131072);
SELECT pg_catalog.lowrite(0, '\x446573632031');
SELECT pg_catalog.lo_close(0);

SELECT pg_catalog.lo_open('19596', 131072);
SELECT pg_catalog.lowrite(0, '\x446573632032');
SELECT pg_catalog.lo_close(0);

SELECT pg_catalog.lo_open('19823', 131072);
SELECT pg_catalog.lowrite(0, '\x446573632031');
SELECT pg_catalog.lo_close(0);

SELECT pg_catalog.lo_open('20050', 131072);
SELECT pg_catalog.lowrite(0, '\x446573632031');
SELECT pg_catalog.lo_close(0);

SELECT pg_catalog.lo_open('20051', 131072);
SELECT pg_catalog.lowrite(0, '\x446573632031');
SELECT pg_catalog.lo_close(0);

SELECT pg_catalog.lo_open('20278', 131072);
SELECT pg_catalog.lowrite(0, '\x446573632031');
SELECT pg_catalog.lo_close(0);

SELECT pg_catalog.lo_open('20505', 131072);
SELECT pg_catalog.lowrite(0, '\x446573632031');
SELECT pg_catalog.lo_close(0);

SELECT pg_catalog.lo_open('20506', 131072);
SELECT pg_catalog.lowrite(0, '\x446573632031');
SELECT pg_catalog.lo_close(0);

SELECT pg_catalog.lo_open('20507', 131072);
SELECT pg_catalog.lowrite(0, '\x446573632031');
SELECT pg_catalog.lo_close(0);

SELECT pg_catalog.lo_open('20735', 131072);
SELECT pg_catalog.lowrite(0, '\x446573632031');
SELECT pg_catalog.lo_close(0);

SELECT pg_catalog.lo_open('20962', 131072);
SELECT pg_catalog.lowrite(0, '\x446573632031');
SELECT pg_catalog.lo_close(0);

SELECT pg_catalog.lo_open('20963', 131072);
SELECT pg_catalog.lowrite(0, '\x446573632031');
SELECT pg_catalog.lo_close(0);

SELECT pg_catalog.lo_open('20964', 131072);
SELECT pg_catalog.lowrite(0, '\x446573632032');
SELECT pg_catalog.lo_close(0);

SELECT pg_catalog.lo_open('20965', 131072);
SELECT pg_catalog.lowrite(0, '\x446573632032');
SELECT pg_catalog.lo_close(0);

SELECT pg_catalog.lo_open('20966', 131072);
SELECT pg_catalog.lowrite(0, '\x446573632033');
SELECT pg_catalog.lo_close(0);

SELECT pg_catalog.lo_open('20967', 131072);
SELECT pg_catalog.lowrite(0, '\x446573632033');
SELECT pg_catalog.lo_close(0);

SELECT pg_catalog.lo_open('20968', 131072);
SELECT pg_catalog.lowrite(0, '\x446573632034');
SELECT pg_catalog.lo_close(0);

SELECT pg_catalog.lo_open('20969', 131072);
SELECT pg_catalog.lowrite(0, '\x446573632034');
SELECT pg_catalog.lo_close(0);

SELECT pg_catalog.lo_open('20970', 131072);
SELECT pg_catalog.lowrite(0, '\x446573632035');
SELECT pg_catalog.lo_close(0);

SELECT pg_catalog.lo_open('20971', 131072);
SELECT pg_catalog.lowrite(0, '\x446573632035');
SELECT pg_catalog.lo_close(0);

SELECT pg_catalog.lo_open('20972', 131072);
SELECT pg_catalog.lowrite(0, '\x446573632036');
SELECT pg_catalog.lo_close(0);

SELECT pg_catalog.lo_open('20973', 131072);
SELECT pg_catalog.lowrite(0, '\x446573632036');
SELECT pg_catalog.lo_close(0);

SELECT pg_catalog.lo_open('20974', 131072);
SELECT pg_catalog.lowrite(0, '\x446573632037');
SELECT pg_catalog.lo_close(0);

SELECT pg_catalog.lo_open('20975', 131072);
SELECT pg_catalog.lowrite(0, '\x446573632037');
SELECT pg_catalog.lo_close(0);

SELECT pg_catalog.lo_open('20976', 131072);
SELECT pg_catalog.lowrite(0, '\x446573632038');
SELECT pg_catalog.lo_close(0);

SELECT pg_catalog.lo_open('20977', 131072);
SELECT pg_catalog.lowrite(0, '\x446573632038');
SELECT pg_catalog.lo_close(0);

SELECT pg_catalog.lo_open('20978', 131072);
SELECT pg_catalog.lowrite(0, '\x446573632039');
SELECT pg_catalog.lo_close(0);

SELECT pg_catalog.lo_open('20979', 131072);
SELECT pg_catalog.lowrite(0, '\x446573632039');
SELECT pg_catalog.lo_close(0);

SELECT pg_catalog.lo_open('20980', 131072);
SELECT pg_catalog.lowrite(0, '\x44657363203130');
SELECT pg_catalog.lo_close(0);

SELECT pg_catalog.lo_open('20981', 131072);
SELECT pg_catalog.lowrite(0, '\x44657363203130');
SELECT pg_catalog.lo_close(0);

SELECT pg_catalog.lo_open('23121', 131072);
SELECT pg_catalog.lowrite(0, '\x446573632031');
SELECT pg_catalog.lo_close(0);

SELECT pg_catalog.lo_open('23122', 131072);
SELECT pg_catalog.lowrite(0, '\x446573632032');
SELECT pg_catalog.lo_close(0);

SELECT pg_catalog.lo_open('23123', 131072);
SELECT pg_catalog.lowrite(0, '\x446573632033');
SELECT pg_catalog.lo_close(0);

SELECT pg_catalog.lo_open('23124', 131072);
SELECT pg_catalog.lowrite(0, '\x446573632034');
SELECT pg_catalog.lo_close(0);

SELECT pg_catalog.lo_open('23125', 131072);
SELECT pg_catalog.lowrite(0, '\x446573632035');
SELECT pg_catalog.lo_close(0);

SELECT pg_catalog.lo_open('23126', 131072);
SELECT pg_catalog.lowrite(0, '\x446573632036');
SELECT pg_catalog.lo_close(0);

SELECT pg_catalog.lo_open('23127', 131072);
SELECT pg_catalog.lowrite(0, '\x446573632037');
SELECT pg_catalog.lo_close(0);

SELECT pg_catalog.lo_open('23128', 131072);
SELECT pg_catalog.lowrite(0, '\x446573632038');
SELECT pg_catalog.lo_close(0);

SELECT pg_catalog.lo_open('23129', 131072);
SELECT pg_catalog.lowrite(0, '\x446573632039');
SELECT pg_catalog.lo_close(0);

SELECT pg_catalog.lo_open('23130', 131072);
SELECT pg_catalog.lowrite(0, '\x44657363203130');
SELECT pg_catalog.lo_close(0);

SELECT pg_catalog.lo_open('23357', 131072);
SELECT pg_catalog.lowrite(0, '\x446573632031');
SELECT pg_catalog.lo_close(0);

SELECT pg_catalog.lo_open('23358', 131072);
SELECT pg_catalog.lowrite(0, '\x446573632032');
SELECT pg_catalog.lo_close(0);

SELECT pg_catalog.lo_open('23359', 131072);
SELECT pg_catalog.lowrite(0, '\x446573632033');
SELECT pg_catalog.lo_close(0);

SELECT pg_catalog.lo_open('23360', 131072);
SELECT pg_catalog.lowrite(0, '\x446573632034');
SELECT pg_catalog.lo_close(0);

SELECT pg_catalog.lo_open('23361', 131072);
SELECT pg_catalog.lowrite(0, '\x446573632035');
SELECT pg_catalog.lo_close(0);

SELECT pg_catalog.lo_open('23362', 131072);
SELECT pg_catalog.lowrite(0, '\x446573632036');
SELECT pg_catalog.lo_close(0);

SELECT pg_catalog.lo_open('23363', 131072);
SELECT pg_catalog.lowrite(0, '\x446573632037');
SELECT pg_catalog.lo_close(0);

SELECT pg_catalog.lo_open('23364', 131072);
SELECT pg_catalog.lowrite(0, '\x446573632038');
SELECT pg_catalog.lo_close(0);

SELECT pg_catalog.lo_open('23365', 131072);
SELECT pg_catalog.lowrite(0, '\x446573632039');
SELECT pg_catalog.lo_close(0);

SELECT pg_catalog.lo_open('23366', 131072);
SELECT pg_catalog.lowrite(0, '\x44657363203130');
SELECT pg_catalog.lo_close(0);

SELECT pg_catalog.lo_open('23592', 131072);
SELECT pg_catalog.lowrite(0, '\x446573632031');
SELECT pg_catalog.lo_close(0);

SELECT pg_catalog.lo_open('23593', 131072);
SELECT pg_catalog.lowrite(0, '\x446573632032');
SELECT pg_catalog.lo_close(0);

SELECT pg_catalog.lo_open('23594', 131072);
SELECT pg_catalog.lowrite(0, '\x446573632033');
SELECT pg_catalog.lo_close(0);

SELECT pg_catalog.lo_open('23595', 131072);
SELECT pg_catalog.lowrite(0, '\x446573632034');
SELECT pg_catalog.lo_close(0);

SELECT pg_catalog.lo_open('23596', 131072);
SELECT pg_catalog.lowrite(0, '\x446573632035');
SELECT pg_catalog.lo_close(0);

SELECT pg_catalog.lo_open('23597', 131072);
SELECT pg_catalog.lowrite(0, '\x446573632036');
SELECT pg_catalog.lo_close(0);

SELECT pg_catalog.lo_open('23598', 131072);
SELECT pg_catalog.lowrite(0, '\x446573632037');
SELECT pg_catalog.lo_close(0);

SELECT pg_catalog.lo_open('23599', 131072);
SELECT pg_catalog.lowrite(0, '\x446573632038');
SELECT pg_catalog.lo_close(0);

SELECT pg_catalog.lo_open('23600', 131072);
SELECT pg_catalog.lowrite(0, '\x446573632039');
SELECT pg_catalog.lo_close(0);

SELECT pg_catalog.lo_open('23601', 131072);
SELECT pg_catalog.lowrite(0, '\x44657363203130');
SELECT pg_catalog.lo_close(0);

SELECT pg_catalog.lo_open('23827', 131072);
SELECT pg_catalog.lowrite(0, '\x446573632031');
SELECT pg_catalog.lo_close(0);

SELECT pg_catalog.lo_open('23828', 131072);
SELECT pg_catalog.lowrite(0, '\x446573632032');
SELECT pg_catalog.lo_close(0);

SELECT pg_catalog.lo_open('23829', 131072);
SELECT pg_catalog.lowrite(0, '\x446573632033');
SELECT pg_catalog.lo_close(0);

SELECT pg_catalog.lo_open('23830', 131072);
SELECT pg_catalog.lowrite(0, '\x446573632034');
SELECT pg_catalog.lo_close(0);

SELECT pg_catalog.lo_open('23831', 131072);
SELECT pg_catalog.lowrite(0, '\x446573632035');
SELECT pg_catalog.lo_close(0);

SELECT pg_catalog.lo_open('23832', 131072);
SELECT pg_catalog.lowrite(0, '\x446573632036');
SELECT pg_catalog.lo_close(0);

SELECT pg_catalog.lo_open('23833', 131072);
SELECT pg_catalog.lowrite(0, '\x446573632037');
SELECT pg_catalog.lo_close(0);

SELECT pg_catalog.lo_open('23834', 131072);
SELECT pg_catalog.lowrite(0, '\x446573632038');
SELECT pg_catalog.lo_close(0);

SELECT pg_catalog.lo_open('23835', 131072);
SELECT pg_catalog.lowrite(0, '\x446573632039');
SELECT pg_catalog.lo_close(0);

SELECT pg_catalog.lo_open('23836', 131072);
SELECT pg_catalog.lowrite(0, '\x44657363203130');
SELECT pg_catalog.lo_close(0);

SELECT pg_catalog.lo_open('24063', 131072);
SELECT pg_catalog.lowrite(0, '\x446573632031');
SELECT pg_catalog.lo_close(0);

SELECT pg_catalog.lo_open('24064', 131072);
SELECT pg_catalog.lowrite(0, '\x446573632032');
SELECT pg_catalog.lo_close(0);

SELECT pg_catalog.lo_open('24065', 131072);
SELECT pg_catalog.lowrite(0, '\x446573632033');
SELECT pg_catalog.lo_close(0);

SELECT pg_catalog.lo_open('24066', 131072);
SELECT pg_catalog.lowrite(0, '\x446573632034');
SELECT pg_catalog.lo_close(0);

SELECT pg_catalog.lo_open('24067', 131072);
SELECT pg_catalog.lowrite(0, '\x446573632035');
SELECT pg_catalog.lo_close(0);

SELECT pg_catalog.lo_open('24068', 131072);
SELECT pg_catalog.lowrite(0, '\x446573632036');
SELECT pg_catalog.lo_close(0);

SELECT pg_catalog.lo_open('24069', 131072);
SELECT pg_catalog.lowrite(0, '\x446573632037');
SELECT pg_catalog.lo_close(0);

SELECT pg_catalog.lo_open('24070', 131072);
SELECT pg_catalog.lowrite(0, '\x446573632038');
SELECT pg_catalog.lo_close(0);

SELECT pg_catalog.lo_open('24071', 131072);
SELECT pg_catalog.lowrite(0, '\x446573632039');
SELECT pg_catalog.lo_close(0);

SELECT pg_catalog.lo_open('24072', 131072);
SELECT pg_catalog.lowrite(0, '\x44657363203130');
SELECT pg_catalog.lo_close(0);

SELECT pg_catalog.lo_open('24298', 131072);
SELECT pg_catalog.lowrite(0, '\x446573632031');
SELECT pg_catalog.lo_close(0);

SELECT pg_catalog.lo_open('24299', 131072);
SELECT pg_catalog.lowrite(0, '\x446573632032');
SELECT pg_catalog.lo_close(0);

SELECT pg_catalog.lo_open('24300', 131072);
SELECT pg_catalog.lowrite(0, '\x446573632033');
SELECT pg_catalog.lo_close(0);

SELECT pg_catalog.lo_open('24301', 131072);
SELECT pg_catalog.lowrite(0, '\x446573632034');
SELECT pg_catalog.lo_close(0);

SELECT pg_catalog.lo_open('24302', 131072);
SELECT pg_catalog.lowrite(0, '\x446573632035');
SELECT pg_catalog.lo_close(0);

SELECT pg_catalog.lo_open('24303', 131072);
SELECT pg_catalog.lowrite(0, '\x446573632036');
SELECT pg_catalog.lo_close(0);

SELECT pg_catalog.lo_open('24304', 131072);
SELECT pg_catalog.lowrite(0, '\x446573632037');
SELECT pg_catalog.lo_close(0);

SELECT pg_catalog.lo_open('24305', 131072);
SELECT pg_catalog.lowrite(0, '\x446573632038');
SELECT pg_catalog.lo_close(0);

SELECT pg_catalog.lo_open('24306', 131072);
SELECT pg_catalog.lowrite(0, '\x446573632039');
SELECT pg_catalog.lo_close(0);

SELECT pg_catalog.lo_open('24307', 131072);
SELECT pg_catalog.lowrite(0, '\x44657363203130');
SELECT pg_catalog.lo_close(0);

SELECT pg_catalog.lo_open('24534', 131072);
SELECT pg_catalog.lowrite(0, '\x446573632031');
SELECT pg_catalog.lo_close(0);

SELECT pg_catalog.lo_open('24535', 131072);
SELECT pg_catalog.lowrite(0, '\x446573632032');
SELECT pg_catalog.lo_close(0);

SELECT pg_catalog.lo_open('24536', 131072);
SELECT pg_catalog.lowrite(0, '\x446573632033');
SELECT pg_catalog.lo_close(0);

SELECT pg_catalog.lo_open('24537', 131072);
SELECT pg_catalog.lowrite(0, '\x446573632034');
SELECT pg_catalog.lo_close(0);

SELECT pg_catalog.lo_open('24538', 131072);
SELECT pg_catalog.lowrite(0, '\x446573632035');
SELECT pg_catalog.lo_close(0);

SELECT pg_catalog.lo_open('24539', 131072);
SELECT pg_catalog.lowrite(0, '\x446573632036');
SELECT pg_catalog.lo_close(0);

SELECT pg_catalog.lo_open('24540', 131072);
SELECT pg_catalog.lowrite(0, '\x446573632037');
SELECT pg_catalog.lo_close(0);

SELECT pg_catalog.lo_open('24541', 131072);
SELECT pg_catalog.lowrite(0, '\x446573632038');
SELECT pg_catalog.lo_close(0);

SELECT pg_catalog.lo_open('24542', 131072);
SELECT pg_catalog.lowrite(0, '\x446573632039');
SELECT pg_catalog.lo_close(0);

SELECT pg_catalog.lo_open('24543', 131072);
SELECT pg_catalog.lowrite(0, '\x44657363203130');
SELECT pg_catalog.lo_close(0);

SELECT pg_catalog.lo_open('24770', 131072);
SELECT pg_catalog.lowrite(0, '\x446573632031');
SELECT pg_catalog.lo_close(0);

SELECT pg_catalog.lo_open('24771', 131072);
SELECT pg_catalog.lowrite(0, '\x446573632032');
SELECT pg_catalog.lo_close(0);

SELECT pg_catalog.lo_open('24772', 131072);
SELECT pg_catalog.lowrite(0, '\x446573632033');
SELECT pg_catalog.lo_close(0);

SELECT pg_catalog.lo_open('24773', 131072);
SELECT pg_catalog.lowrite(0, '\x446573632034');
SELECT pg_catalog.lo_close(0);

SELECT pg_catalog.lo_open('24774', 131072);
SELECT pg_catalog.lowrite(0, '\x446573632035');
SELECT pg_catalog.lo_close(0);

SELECT pg_catalog.lo_open('24775', 131072);
SELECT pg_catalog.lowrite(0, '\x446573632036');
SELECT pg_catalog.lo_close(0);

SELECT pg_catalog.lo_open('24776', 131072);
SELECT pg_catalog.lowrite(0, '\x446573632037');
SELECT pg_catalog.lo_close(0);

SELECT pg_catalog.lo_open('24777', 131072);
SELECT pg_catalog.lowrite(0, '\x446573632038');
SELECT pg_catalog.lo_close(0);

SELECT pg_catalog.lo_open('24778', 131072);
SELECT pg_catalog.lowrite(0, '\x446573632039');
SELECT pg_catalog.lo_close(0);

SELECT pg_catalog.lo_open('24779', 131072);
SELECT pg_catalog.lowrite(0, '\x44657363203130');
SELECT pg_catalog.lo_close(0);

SELECT pg_catalog.lo_open('25007', 131072);
SELECT pg_catalog.lowrite(0, '\x446573632031');
SELECT pg_catalog.lo_close(0);

SELECT pg_catalog.lo_open('25008', 131072);
SELECT pg_catalog.lowrite(0, '\x446573632032');
SELECT pg_catalog.lo_close(0);

SELECT pg_catalog.lo_open('25009', 131072);
SELECT pg_catalog.lowrite(0, '\x446573632033');
SELECT pg_catalog.lo_close(0);

SELECT pg_catalog.lo_open('25010', 131072);
SELECT pg_catalog.lowrite(0, '\x446573632034');
SELECT pg_catalog.lo_close(0);

SELECT pg_catalog.lo_open('25011', 131072);
SELECT pg_catalog.lowrite(0, '\x446573632035');
SELECT pg_catalog.lo_close(0);

SELECT pg_catalog.lo_open('25012', 131072);
SELECT pg_catalog.lowrite(0, '\x446573632036');
SELECT pg_catalog.lo_close(0);

SELECT pg_catalog.lo_open('25013', 131072);
SELECT pg_catalog.lowrite(0, '\x446573632037');
SELECT pg_catalog.lo_close(0);

SELECT pg_catalog.lo_open('25014', 131072);
SELECT pg_catalog.lowrite(0, '\x446573632038');
SELECT pg_catalog.lo_close(0);

SELECT pg_catalog.lo_open('25015', 131072);
SELECT pg_catalog.lowrite(0, '\x446573632039');
SELECT pg_catalog.lo_close(0);

SELECT pg_catalog.lo_open('25016', 131072);
SELECT pg_catalog.lowrite(0, '\x44657363203130');
SELECT pg_catalog.lo_close(0);

SELECT pg_catalog.lo_open('25242', 131072);
SELECT pg_catalog.lowrite(0, '\x446573632031');
SELECT pg_catalog.lo_close(0);

SELECT pg_catalog.lo_open('25243', 131072);
SELECT pg_catalog.lowrite(0, '\x446573632032');
SELECT pg_catalog.lo_close(0);

SELECT pg_catalog.lo_open('25244', 131072);
SELECT pg_catalog.lowrite(0, '\x446573632033');
SELECT pg_catalog.lo_close(0);

SELECT pg_catalog.lo_open('25245', 131072);
SELECT pg_catalog.lowrite(0, '\x446573632034');
SELECT pg_catalog.lo_close(0);

SELECT pg_catalog.lo_open('25246', 131072);
SELECT pg_catalog.lowrite(0, '\x446573632035');
SELECT pg_catalog.lo_close(0);

SELECT pg_catalog.lo_open('25247', 131072);
SELECT pg_catalog.lowrite(0, '\x446573632036');
SELECT pg_catalog.lo_close(0);

SELECT pg_catalog.lo_open('25248', 131072);
SELECT pg_catalog.lowrite(0, '\x446573632037');
SELECT pg_catalog.lo_close(0);

SELECT pg_catalog.lo_open('25249', 131072);
SELECT pg_catalog.lowrite(0, '\x446573632038');
SELECT pg_catalog.lo_close(0);

SELECT pg_catalog.lo_open('25250', 131072);
SELECT pg_catalog.lowrite(0, '\x446573632039');
SELECT pg_catalog.lo_close(0);

SELECT pg_catalog.lo_open('25251', 131072);
SELECT pg_catalog.lowrite(0, '\x44657363203130');
SELECT pg_catalog.lo_close(0);

SELECT pg_catalog.lo_open('25478', 131072);
SELECT pg_catalog.lowrite(0, '\x446573632031');
SELECT pg_catalog.lo_close(0);

SELECT pg_catalog.lo_open('25479', 131072);
SELECT pg_catalog.lowrite(0, '\x446573632032');
SELECT pg_catalog.lo_close(0);

SELECT pg_catalog.lo_open('25480', 131072);
SELECT pg_catalog.lowrite(0, '\x446573632033');
SELECT pg_catalog.lo_close(0);

SELECT pg_catalog.lo_open('25481', 131072);
SELECT pg_catalog.lowrite(0, '\x446573632034');
SELECT pg_catalog.lo_close(0);

SELECT pg_catalog.lo_open('25482', 131072);
SELECT pg_catalog.lowrite(0, '\x446573632035');
SELECT pg_catalog.lo_close(0);

SELECT pg_catalog.lo_open('25483', 131072);
SELECT pg_catalog.lowrite(0, '\x446573632036');
SELECT pg_catalog.lo_close(0);

SELECT pg_catalog.lo_open('25484', 131072);
SELECT pg_catalog.lowrite(0, '\x446573632037');
SELECT pg_catalog.lo_close(0);

SELECT pg_catalog.lo_open('25485', 131072);
SELECT pg_catalog.lowrite(0, '\x446573632038');
SELECT pg_catalog.lo_close(0);

SELECT pg_catalog.lo_open('25486', 131072);
SELECT pg_catalog.lowrite(0, '\x446573632039');
SELECT pg_catalog.lo_close(0);

SELECT pg_catalog.lo_open('25487', 131072);
SELECT pg_catalog.lowrite(0, '\x44657363203130');
SELECT pg_catalog.lo_close(0);

SELECT pg_catalog.lo_open('25939', 131072);
SELECT pg_catalog.lowrite(0, '\x446573632031');
SELECT pg_catalog.lo_close(0);

SELECT pg_catalog.lo_open('25940', 131072);
SELECT pg_catalog.lowrite(0, '\x446573632032');
SELECT pg_catalog.lo_close(0);

SELECT pg_catalog.lo_open('25941', 131072);
SELECT pg_catalog.lowrite(0, '\x446573632033');
SELECT pg_catalog.lo_close(0);

SELECT pg_catalog.lo_open('25942', 131072);
SELECT pg_catalog.lowrite(0, '\x446573632034');
SELECT pg_catalog.lo_close(0);

SELECT pg_catalog.lo_open('25943', 131072);
SELECT pg_catalog.lowrite(0, '\x446573632035');
SELECT pg_catalog.lo_close(0);

SELECT pg_catalog.lo_open('25944', 131072);
SELECT pg_catalog.lowrite(0, '\x446573632036');
SELECT pg_catalog.lo_close(0);

SELECT pg_catalog.lo_open('25945', 131072);
SELECT pg_catalog.lowrite(0, '\x446573632037');
SELECT pg_catalog.lo_close(0);

SELECT pg_catalog.lo_open('25946', 131072);
SELECT pg_catalog.lowrite(0, '\x446573632038');
SELECT pg_catalog.lo_close(0);

SELECT pg_catalog.lo_open('25947', 131072);
SELECT pg_catalog.lowrite(0, '\x446573632039');
SELECT pg_catalog.lo_close(0);

SELECT pg_catalog.lo_open('25948', 131072);
SELECT pg_catalog.lowrite(0, '\x44657363203130');
SELECT pg_catalog.lo_close(0);

SELECT pg_catalog.lo_open('26514', 131072);
SELECT pg_catalog.lowrite(0, '\x446573632031');
SELECT pg_catalog.lo_close(0);

SELECT pg_catalog.lo_open('26515', 131072);
SELECT pg_catalog.lowrite(0, '\x446573632032');
SELECT pg_catalog.lo_close(0);

SELECT pg_catalog.lo_open('26516', 131072);
SELECT pg_catalog.lowrite(0, '\x446573632033');
SELECT pg_catalog.lo_close(0);

SELECT pg_catalog.lo_open('26517', 131072);
SELECT pg_catalog.lowrite(0, '\x446573632034');
SELECT pg_catalog.lo_close(0);

SELECT pg_catalog.lo_open('26518', 131072);
SELECT pg_catalog.lowrite(0, '\x446573632035');
SELECT pg_catalog.lo_close(0);

SELECT pg_catalog.lo_open('26519', 131072);
SELECT pg_catalog.lowrite(0, '\x446573632036');
SELECT pg_catalog.lo_close(0);

SELECT pg_catalog.lo_open('26520', 131072);
SELECT pg_catalog.lowrite(0, '\x446573632037');
SELECT pg_catalog.lo_close(0);

SELECT pg_catalog.lo_open('26521', 131072);
SELECT pg_catalog.lowrite(0, '\x446573632038');
SELECT pg_catalog.lo_close(0);

SELECT pg_catalog.lo_open('26522', 131072);
SELECT pg_catalog.lowrite(0, '\x446573632039');
SELECT pg_catalog.lo_close(0);

SELECT pg_catalog.lo_open('26523', 131072);
SELECT pg_catalog.lowrite(0, '\x44657363203130');
SELECT pg_catalog.lo_close(0);

SELECT pg_catalog.lo_open('26750', 131072);
SELECT pg_catalog.lowrite(0, '\x446573632031');
SELECT pg_catalog.lo_close(0);

SELECT pg_catalog.lo_open('26751', 131072);
SELECT pg_catalog.lowrite(0, '\x446573632032');
SELECT pg_catalog.lo_close(0);

SELECT pg_catalog.lo_open('26752', 131072);
SELECT pg_catalog.lowrite(0, '\x446573632033');
SELECT pg_catalog.lo_close(0);

SELECT pg_catalog.lo_open('26753', 131072);
SELECT pg_catalog.lowrite(0, '\x446573632034');
SELECT pg_catalog.lo_close(0);

SELECT pg_catalog.lo_open('26754', 131072);
SELECT pg_catalog.lowrite(0, '\x446573632035');
SELECT pg_catalog.lo_close(0);

SELECT pg_catalog.lo_open('26755', 131072);
SELECT pg_catalog.lowrite(0, '\x446573632036');
SELECT pg_catalog.lo_close(0);

SELECT pg_catalog.lo_open('26756', 131072);
SELECT pg_catalog.lowrite(0, '\x446573632037');
SELECT pg_catalog.lo_close(0);

SELECT pg_catalog.lo_open('26757', 131072);
SELECT pg_catalog.lowrite(0, '\x446573632038');
SELECT pg_catalog.lo_close(0);

SELECT pg_catalog.lo_open('26758', 131072);
SELECT pg_catalog.lowrite(0, '\x446573632039');
SELECT pg_catalog.lo_close(0);

SELECT pg_catalog.lo_open('26759', 131072);
SELECT pg_catalog.lowrite(0, '\x44657363203130');
SELECT pg_catalog.lo_close(0);

SELECT pg_catalog.lo_open('26987', 131072);
SELECT pg_catalog.lowrite(0, '\x446573632031');
SELECT pg_catalog.lo_close(0);

SELECT pg_catalog.lo_open('26988', 131072);
SELECT pg_catalog.lowrite(0, '\x446573632032');
SELECT pg_catalog.lo_close(0);

SELECT pg_catalog.lo_open('26989', 131072);
SELECT pg_catalog.lowrite(0, '\x446573632033');
SELECT pg_catalog.lo_close(0);

SELECT pg_catalog.lo_open('26990', 131072);
SELECT pg_catalog.lowrite(0, '\x446573632034');
SELECT pg_catalog.lo_close(0);

SELECT pg_catalog.lo_open('26991', 131072);
SELECT pg_catalog.lowrite(0, '\x446573632035');
SELECT pg_catalog.lo_close(0);

SELECT pg_catalog.lo_open('26992', 131072);
SELECT pg_catalog.lowrite(0, '\x446573632036');
SELECT pg_catalog.lo_close(0);

SELECT pg_catalog.lo_open('26993', 131072);
SELECT pg_catalog.lowrite(0, '\x446573632037');
SELECT pg_catalog.lo_close(0);

SELECT pg_catalog.lo_open('26994', 131072);
SELECT pg_catalog.lowrite(0, '\x446573632038');
SELECT pg_catalog.lo_close(0);

SELECT pg_catalog.lo_open('26995', 131072);
SELECT pg_catalog.lowrite(0, '\x446573632039');
SELECT pg_catalog.lo_close(0);

SELECT pg_catalog.lo_open('26996', 131072);
SELECT pg_catalog.lowrite(0, '\x44657363203130');
SELECT pg_catalog.lo_close(0);

SELECT pg_catalog.lo_open('27448', 131072);
SELECT pg_catalog.lowrite(0, '\x446573632031');
SELECT pg_catalog.lo_close(0);

SELECT pg_catalog.lo_open('27449', 131072);
SELECT pg_catalog.lowrite(0, '\x446573632032');
SELECT pg_catalog.lo_close(0);

SELECT pg_catalog.lo_open('27450', 131072);
SELECT pg_catalog.lowrite(0, '\x446573632033');
SELECT pg_catalog.lo_close(0);

SELECT pg_catalog.lo_open('27451', 131072);
SELECT pg_catalog.lowrite(0, '\x446573632034');
SELECT pg_catalog.lo_close(0);

SELECT pg_catalog.lo_open('27452', 131072);
SELECT pg_catalog.lowrite(0, '\x446573632035');
SELECT pg_catalog.lo_close(0);

SELECT pg_catalog.lo_open('27453', 131072);
SELECT pg_catalog.lowrite(0, '\x446573632036');
SELECT pg_catalog.lo_close(0);

SELECT pg_catalog.lo_open('27454', 131072);
SELECT pg_catalog.lowrite(0, '\x446573632037');
SELECT pg_catalog.lo_close(0);

SELECT pg_catalog.lo_open('27455', 131072);
SELECT pg_catalog.lowrite(0, '\x446573632038');
SELECT pg_catalog.lo_close(0);

SELECT pg_catalog.lo_open('27456', 131072);
SELECT pg_catalog.lowrite(0, '\x446573632039');
SELECT pg_catalog.lo_close(0);

SELECT pg_catalog.lo_open('27457', 131072);
SELECT pg_catalog.lowrite(0, '\x44657363203130');
SELECT pg_catalog.lo_close(0);

SELECT pg_catalog.lo_open('27684', 131072);
SELECT pg_catalog.lowrite(0, '\x446573632031');
SELECT pg_catalog.lo_close(0);

SELECT pg_catalog.lo_open('27685', 131072);
SELECT pg_catalog.lowrite(0, '\x446573632032');
SELECT pg_catalog.lo_close(0);

SELECT pg_catalog.lo_open('27686', 131072);
SELECT pg_catalog.lowrite(0, '\x446573632033');
SELECT pg_catalog.lo_close(0);

SELECT pg_catalog.lo_open('27687', 131072);
SELECT pg_catalog.lowrite(0, '\x446573632034');
SELECT pg_catalog.lo_close(0);

SELECT pg_catalog.lo_open('27688', 131072);
SELECT pg_catalog.lowrite(0, '\x446573632035');
SELECT pg_catalog.lo_close(0);

SELECT pg_catalog.lo_open('27689', 131072);
SELECT pg_catalog.lowrite(0, '\x446573632036');
SELECT pg_catalog.lo_close(0);

SELECT pg_catalog.lo_open('27690', 131072);
SELECT pg_catalog.lowrite(0, '\x446573632037');
SELECT pg_catalog.lo_close(0);

SELECT pg_catalog.lo_open('27691', 131072);
SELECT pg_catalog.lowrite(0, '\x446573632038');
SELECT pg_catalog.lo_close(0);

SELECT pg_catalog.lo_open('27692', 131072);
SELECT pg_catalog.lowrite(0, '\x446573632039');
SELECT pg_catalog.lo_close(0);

SELECT pg_catalog.lo_open('27693', 131072);
SELECT pg_catalog.lowrite(0, '\x44657363203130');
SELECT pg_catalog.lo_close(0);

SELECT pg_catalog.lo_open('27920', 131072);
SELECT pg_catalog.lowrite(0, '\x446573632031');
SELECT pg_catalog.lo_close(0);

SELECT pg_catalog.lo_open('27921', 131072);
SELECT pg_catalog.lowrite(0, '\x446573632032');
SELECT pg_catalog.lo_close(0);

SELECT pg_catalog.lo_open('27922', 131072);
SELECT pg_catalog.lowrite(0, '\x446573632033');
SELECT pg_catalog.lo_close(0);

SELECT pg_catalog.lo_open('27923', 131072);
SELECT pg_catalog.lowrite(0, '\x446573632034');
SELECT pg_catalog.lo_close(0);

SELECT pg_catalog.lo_open('27924', 131072);
SELECT pg_catalog.lowrite(0, '\x446573632035');
SELECT pg_catalog.lo_close(0);

SELECT pg_catalog.lo_open('27925', 131072);
SELECT pg_catalog.lowrite(0, '\x446573632036');
SELECT pg_catalog.lo_close(0);

SELECT pg_catalog.lo_open('27926', 131072);
SELECT pg_catalog.lowrite(0, '\x446573632037');
SELECT pg_catalog.lo_close(0);

SELECT pg_catalog.lo_open('27927', 131072);
SELECT pg_catalog.lowrite(0, '\x446573632038');
SELECT pg_catalog.lo_close(0);

SELECT pg_catalog.lo_open('27928', 131072);
SELECT pg_catalog.lowrite(0, '\x446573632039');
SELECT pg_catalog.lo_close(0);

SELECT pg_catalog.lo_open('27929', 131072);
SELECT pg_catalog.lowrite(0, '\x44657363203130');
SELECT pg_catalog.lo_close(0);

SELECT pg_catalog.lo_open('28155', 131072);
SELECT pg_catalog.lowrite(0, '\x446573632031');
SELECT pg_catalog.lo_close(0);

SELECT pg_catalog.lo_open('28156', 131072);
SELECT pg_catalog.lowrite(0, '\x446573632032');
SELECT pg_catalog.lo_close(0);

SELECT pg_catalog.lo_open('28157', 131072);
SELECT pg_catalog.lowrite(0, '\x446573632033');
SELECT pg_catalog.lo_close(0);

SELECT pg_catalog.lo_open('28158', 131072);
SELECT pg_catalog.lowrite(0, '\x446573632034');
SELECT pg_catalog.lo_close(0);

SELECT pg_catalog.lo_open('28159', 131072);
SELECT pg_catalog.lowrite(0, '\x446573632035');
SELECT pg_catalog.lo_close(0);

SELECT pg_catalog.lo_open('28160', 131072);
SELECT pg_catalog.lowrite(0, '\x446573632036');
SELECT pg_catalog.lo_close(0);

SELECT pg_catalog.lo_open('28161', 131072);
SELECT pg_catalog.lowrite(0, '\x446573632037');
SELECT pg_catalog.lo_close(0);

SELECT pg_catalog.lo_open('28162', 131072);
SELECT pg_catalog.lowrite(0, '\x446573632038');
SELECT pg_catalog.lo_close(0);

SELECT pg_catalog.lo_open('28163', 131072);
SELECT pg_catalog.lowrite(0, '\x446573632039');
SELECT pg_catalog.lo_close(0);

SELECT pg_catalog.lo_open('28164', 131072);
SELECT pg_catalog.lowrite(0, '\x44657363203130');
SELECT pg_catalog.lo_close(0);

SELECT pg_catalog.lo_open('28616', 131072);
SELECT pg_catalog.lowrite(0, '\x446573632031');
SELECT pg_catalog.lo_close(0);

SELECT pg_catalog.lo_open('28617', 131072);
SELECT pg_catalog.lowrite(0, '\x446573632032');
SELECT pg_catalog.lo_close(0);

SELECT pg_catalog.lo_open('28618', 131072);
SELECT pg_catalog.lowrite(0, '\x446573632033');
SELECT pg_catalog.lo_close(0);

SELECT pg_catalog.lo_open('28619', 131072);
SELECT pg_catalog.lowrite(0, '\x446573632034');
SELECT pg_catalog.lo_close(0);

SELECT pg_catalog.lo_open('28620', 131072);
SELECT pg_catalog.lowrite(0, '\x446573632035');
SELECT pg_catalog.lo_close(0);

SELECT pg_catalog.lo_open('28621', 131072);
SELECT pg_catalog.lowrite(0, '\x446573632036');
SELECT pg_catalog.lo_close(0);

SELECT pg_catalog.lo_open('28622', 131072);
SELECT pg_catalog.lowrite(0, '\x446573632037');
SELECT pg_catalog.lo_close(0);

SELECT pg_catalog.lo_open('28623', 131072);
SELECT pg_catalog.lowrite(0, '\x446573632038');
SELECT pg_catalog.lo_close(0);

SELECT pg_catalog.lo_open('28624', 131072);
SELECT pg_catalog.lowrite(0, '\x446573632039');
SELECT pg_catalog.lo_close(0);

SELECT pg_catalog.lo_open('28625', 131072);
SELECT pg_catalog.lowrite(0, '\x44657363203130');
SELECT pg_catalog.lo_close(0);

SELECT pg_catalog.lo_open('28853', 131072);
SELECT pg_catalog.lowrite(0, '\x446573632031');
SELECT pg_catalog.lo_close(0);

SELECT pg_catalog.lo_open('28854', 131072);
SELECT pg_catalog.lowrite(0, '\x446573632032');
SELECT pg_catalog.lo_close(0);

SELECT pg_catalog.lo_open('28855', 131072);
SELECT pg_catalog.lowrite(0, '\x446573632033');
SELECT pg_catalog.lo_close(0);

SELECT pg_catalog.lo_open('28856', 131072);
SELECT pg_catalog.lowrite(0, '\x446573632034');
SELECT pg_catalog.lo_close(0);

SELECT pg_catalog.lo_open('28857', 131072);
SELECT pg_catalog.lowrite(0, '\x446573632035');
SELECT pg_catalog.lo_close(0);

SELECT pg_catalog.lo_open('28858', 131072);
SELECT pg_catalog.lowrite(0, '\x446573632036');
SELECT pg_catalog.lo_close(0);

SELECT pg_catalog.lo_open('28859', 131072);
SELECT pg_catalog.lowrite(0, '\x446573632037');
SELECT pg_catalog.lo_close(0);

SELECT pg_catalog.lo_open('28860', 131072);
SELECT pg_catalog.lowrite(0, '\x446573632038');
SELECT pg_catalog.lo_close(0);

SELECT pg_catalog.lo_open('28861', 131072);
SELECT pg_catalog.lowrite(0, '\x446573632039');
SELECT pg_catalog.lo_close(0);

SELECT pg_catalog.lo_open('28862', 131072);
SELECT pg_catalog.lowrite(0, '\x44657363203130');
SELECT pg_catalog.lo_close(0);

SELECT pg_catalog.lo_open('29088', 131072);
SELECT pg_catalog.lowrite(0, '\x446573632031');
SELECT pg_catalog.lo_close(0);

SELECT pg_catalog.lo_open('29089', 131072);
SELECT pg_catalog.lowrite(0, '\x446573632032');
SELECT pg_catalog.lo_close(0);

SELECT pg_catalog.lo_open('29090', 131072);
SELECT pg_catalog.lowrite(0, '\x446573632033');
SELECT pg_catalog.lo_close(0);

SELECT pg_catalog.lo_open('29091', 131072);
SELECT pg_catalog.lowrite(0, '\x446573632034');
SELECT pg_catalog.lo_close(0);

SELECT pg_catalog.lo_open('29092', 131072);
SELECT pg_catalog.lowrite(0, '\x446573632035');
SELECT pg_catalog.lo_close(0);

SELECT pg_catalog.lo_open('29093', 131072);
SELECT pg_catalog.lowrite(0, '\x446573632036');
SELECT pg_catalog.lo_close(0);

SELECT pg_catalog.lo_open('29094', 131072);
SELECT pg_catalog.lowrite(0, '\x446573632037');
SELECT pg_catalog.lo_close(0);

SELECT pg_catalog.lo_open('29095', 131072);
SELECT pg_catalog.lowrite(0, '\x446573632038');
SELECT pg_catalog.lo_close(0);

SELECT pg_catalog.lo_open('29096', 131072);
SELECT pg_catalog.lowrite(0, '\x446573632039');
SELECT pg_catalog.lo_close(0);

SELECT pg_catalog.lo_open('29097', 131072);
SELECT pg_catalog.lowrite(0, '\x44657363203130');
SELECT pg_catalog.lo_close(0);

SELECT pg_catalog.lo_open('29550', 131072);
SELECT pg_catalog.lowrite(0, '\x446573632031');
SELECT pg_catalog.lo_close(0);

SELECT pg_catalog.lo_open('29551', 131072);
SELECT pg_catalog.lowrite(0, '\x446573632032');
SELECT pg_catalog.lo_close(0);

SELECT pg_catalog.lo_open('29552', 131072);
SELECT pg_catalog.lowrite(0, '\x446573632033');
SELECT pg_catalog.lo_close(0);

SELECT pg_catalog.lo_open('29553', 131072);
SELECT pg_catalog.lowrite(0, '\x446573632034');
SELECT pg_catalog.lo_close(0);

SELECT pg_catalog.lo_open('29554', 131072);
SELECT pg_catalog.lowrite(0, '\x446573632035');
SELECT pg_catalog.lo_close(0);

SELECT pg_catalog.lo_open('29555', 131072);
SELECT pg_catalog.lowrite(0, '\x446573632036');
SELECT pg_catalog.lo_close(0);

SELECT pg_catalog.lo_open('29556', 131072);
SELECT pg_catalog.lowrite(0, '\x446573632037');
SELECT pg_catalog.lo_close(0);

SELECT pg_catalog.lo_open('29557', 131072);
SELECT pg_catalog.lowrite(0, '\x446573632038');
SELECT pg_catalog.lo_close(0);

SELECT pg_catalog.lo_open('29558', 131072);
SELECT pg_catalog.lowrite(0, '\x446573632039');
SELECT pg_catalog.lo_close(0);

SELECT pg_catalog.lo_open('29559', 131072);
SELECT pg_catalog.lowrite(0, '\x44657363203130');
SELECT pg_catalog.lo_close(0);

SELECT pg_catalog.lo_open('29785', 131072);
SELECT pg_catalog.lowrite(0, '\x446573632031');
SELECT pg_catalog.lo_close(0);

SELECT pg_catalog.lo_open('29786', 131072);
SELECT pg_catalog.lowrite(0, '\x446573632032');
SELECT pg_catalog.lo_close(0);

SELECT pg_catalog.lo_open('29787', 131072);
SELECT pg_catalog.lowrite(0, '\x446573632033');
SELECT pg_catalog.lo_close(0);

SELECT pg_catalog.lo_open('29788', 131072);
SELECT pg_catalog.lowrite(0, '\x446573632034');
SELECT pg_catalog.lo_close(0);

SELECT pg_catalog.lo_open('29789', 131072);
SELECT pg_catalog.lowrite(0, '\x446573632035');
SELECT pg_catalog.lo_close(0);

SELECT pg_catalog.lo_open('29790', 131072);
SELECT pg_catalog.lowrite(0, '\x446573632036');
SELECT pg_catalog.lo_close(0);

SELECT pg_catalog.lo_open('29791', 131072);
SELECT pg_catalog.lowrite(0, '\x446573632037');
SELECT pg_catalog.lo_close(0);

SELECT pg_catalog.lo_open('29792', 131072);
SELECT pg_catalog.lowrite(0, '\x446573632038');
SELECT pg_catalog.lo_close(0);

SELECT pg_catalog.lo_open('29793', 131072);
SELECT pg_catalog.lowrite(0, '\x446573632039');
SELECT pg_catalog.lo_close(0);

SELECT pg_catalog.lo_open('29794', 131072);
SELECT pg_catalog.lowrite(0, '\x44657363203130');
SELECT pg_catalog.lo_close(0);

SELECT pg_catalog.lo_open('30022', 131072);
SELECT pg_catalog.lowrite(0, '\x446573632031');
SELECT pg_catalog.lo_close(0);

SELECT pg_catalog.lo_open('30023', 131072);
SELECT pg_catalog.lowrite(0, '\x446573632032');
SELECT pg_catalog.lo_close(0);

SELECT pg_catalog.lo_open('30024', 131072);
SELECT pg_catalog.lowrite(0, '\x446573632033');
SELECT pg_catalog.lo_close(0);

SELECT pg_catalog.lo_open('30025', 131072);
SELECT pg_catalog.lowrite(0, '\x446573632034');
SELECT pg_catalog.lo_close(0);

SELECT pg_catalog.lo_open('30026', 131072);
SELECT pg_catalog.lowrite(0, '\x446573632035');
SELECT pg_catalog.lo_close(0);

SELECT pg_catalog.lo_open('30027', 131072);
SELECT pg_catalog.lowrite(0, '\x446573632036');
SELECT pg_catalog.lo_close(0);

SELECT pg_catalog.lo_open('30028', 131072);
SELECT pg_catalog.lowrite(0, '\x446573632037');
SELECT pg_catalog.lo_close(0);

SELECT pg_catalog.lo_open('30029', 131072);
SELECT pg_catalog.lowrite(0, '\x446573632038');
SELECT pg_catalog.lo_close(0);

SELECT pg_catalog.lo_open('30030', 131072);
SELECT pg_catalog.lowrite(0, '\x446573632039');
SELECT pg_catalog.lo_close(0);

SELECT pg_catalog.lo_open('30031', 131072);
SELECT pg_catalog.lowrite(0, '\x44657363203130');
SELECT pg_catalog.lo_close(0);

SELECT pg_catalog.lo_open('30258', 131072);
SELECT pg_catalog.lowrite(0, '\x446573632031');
SELECT pg_catalog.lo_close(0);

SELECT pg_catalog.lo_open('30259', 131072);
SELECT pg_catalog.lowrite(0, '\x446573632032');
SELECT pg_catalog.lo_close(0);

SELECT pg_catalog.lo_open('30260', 131072);
SELECT pg_catalog.lowrite(0, '\x446573632033');
SELECT pg_catalog.lo_close(0);

SELECT pg_catalog.lo_open('30261', 131072);
SELECT pg_catalog.lowrite(0, '\x446573632034');
SELECT pg_catalog.lo_close(0);

SELECT pg_catalog.lo_open('30262', 131072);
SELECT pg_catalog.lowrite(0, '\x446573632035');
SELECT pg_catalog.lo_close(0);

SELECT pg_catalog.lo_open('30263', 131072);
SELECT pg_catalog.lowrite(0, '\x446573632036');
SELECT pg_catalog.lo_close(0);

SELECT pg_catalog.lo_open('30264', 131072);
SELECT pg_catalog.lowrite(0, '\x446573632037');
SELECT pg_catalog.lo_close(0);

SELECT pg_catalog.lo_open('30265', 131072);
SELECT pg_catalog.lowrite(0, '\x446573632038');
SELECT pg_catalog.lo_close(0);

SELECT pg_catalog.lo_open('30266', 131072);
SELECT pg_catalog.lowrite(0, '\x446573632039');
SELECT pg_catalog.lo_close(0);

SELECT pg_catalog.lo_open('30267', 131072);
SELECT pg_catalog.lowrite(0, '\x44657363203130');
SELECT pg_catalog.lo_close(0);

COMMIT;

--
-- Name: _admin _admin_pkey; Type: CONSTRAINT; Schema: public; Owner: postgres
--

ALTER TABLE ONLY public._admin
    ADD CONSTRAINT _admin_pkey PRIMARY KEY (username);


--
-- Name: _available_time_slot _available_time_slot_pkey; Type: CONSTRAINT; Schema: public; Owner: postgres
--

ALTER TABLE ONLY public._available_time_slot
    ADD CONSTRAINT _available_time_slot_pkey PRIMARY KEY (id);


--
-- Name: _city _city_pkey; Type: CONSTRAINT; Schema: public; Owner: postgres
--

ALTER TABLE ONLY public._city
    ADD CONSTRAINT _city_pkey PRIMARY KEY (id);


--
-- Name: _conversation _conversation_pkey; Type: CONSTRAINT; Schema: public; Owner: postgres
--

ALTER TABLE ONLY public._conversation
    ADD CONSTRAINT _conversation_pkey PRIMARY KEY (id);


--
-- Name: _country _country_pkey; Type: CONSTRAINT; Schema: public; Owner: postgres
--

ALTER TABLE ONLY public._country
    ADD CONSTRAINT _country_pkey PRIMARY KEY (id);


--
-- Name: _guest _guest_pkey; Type: CONSTRAINT; Schema: public; Owner: postgres
--

ALTER TABLE ONLY public._guest
    ADD CONSTRAINT _guest_pkey PRIMARY KEY (username);


--
-- Name: _host _host_pkey; Type: CONSTRAINT; Schema: public; Owner: postgres
--

ALTER TABLE ONLY public._host
    ADD CONSTRAINT _host_pkey PRIMARY KEY (username);


--
-- Name: _image _image_pkey; Type: CONSTRAINT; Schema: public; Owner: postgres
--

ALTER TABLE ONLY public._image
    ADD CONSTRAINT _image_pkey PRIMARY KEY (id);


--
-- Name: _message _message_pkey; Type: CONSTRAINT; Schema: public; Owner: postgres
--

ALTER TABLE ONLY public._message
    ADD CONSTRAINT _message_pkey PRIMARY KEY (id);


--
-- Name: _property_amenities _property_amenities_pkey; Type: CONSTRAINT; Schema: public; Owner: postgres
--

ALTER TABLE ONLY public._property_amenities
    ADD CONSTRAINT _property_amenities_pkey PRIMARY KEY (property_id);


--
-- Name: _property _property_pkey; Type: CONSTRAINT; Schema: public; Owner: postgres
--

ALTER TABLE ONLY public._property
    ADD CONSTRAINT _property_pkey PRIMARY KEY (id);


--
-- Name: _property_rules _property_rules_pkey; Type: CONSTRAINT; Schema: public; Owner: postgres
--

ALTER TABLE ONLY public._property_rules
    ADD CONSTRAINT _property_rules_pkey PRIMARY KEY (property_id);


--
-- Name: _reservation _reservation_pkey; Type: CONSTRAINT; Schema: public; Owner: postgres
--

ALTER TABLE ONLY public._reservation
    ADD CONSTRAINT _reservation_pkey PRIMARY KEY (id);


--
-- Name: _review _review_pkey; Type: CONSTRAINT; Schema: public; Owner: postgres
--

ALTER TABLE ONLY public._review
    ADD CONSTRAINT _review_pkey PRIMARY KEY (id);


--
-- Name: _role _role_pkey; Type: CONSTRAINT; Schema: public; Owner: postgres
--

ALTER TABLE ONLY public._role
    ADD CONSTRAINT _role_pkey PRIMARY KEY (name);


--
-- Name: _user _user_pkey; Type: CONSTRAINT; Schema: public; Owner: postgres
--

ALTER TABLE ONLY public._user
    ADD CONSTRAINT _user_pkey PRIMARY KEY (username);


--
-- Name: _property_image uk_nwqyy78bpn53oh09d00r0b8ex; Type: CONSTRAINT; Schema: public; Owner: postgres
--

ALTER TABLE ONLY public._property_image
    ADD CONSTRAINT uk_nwqyy78bpn53oh09d00r0b8ex UNIQUE (image_id);


--
-- Name: _message fk58x69j9pqcyn75ls5t6o67nd7; Type: FK CONSTRAINT; Schema: public; Owner: postgres
--

ALTER TABLE ONLY public._message
    ADD CONSTRAINT fk58x69j9pqcyn75ls5t6o67nd7 FOREIGN KEY (conversation_id) REFERENCES public._conversation(id);


--
-- Name: _property_image fk5x3c14t8ba3h7q9oxohhwi7w1; Type: FK CONSTRAINT; Schema: public; Owner: postgres
--

ALTER TABLE ONLY public._property_image
    ADD CONSTRAINT fk5x3c14t8ba3h7q9oxohhwi7w1 FOREIGN KEY (image_id) REFERENCES public._image(id);


--
-- Name: _guest fk6rrhwdymf2h8r11prloj6trlv; Type: FK CONSTRAINT; Schema: public; Owner: postgres
--

ALTER TABLE ONLY public._guest
    ADD CONSTRAINT fk6rrhwdymf2h8r11prloj6trlv FOREIGN KEY (username) REFERENCES public._user(username);


--
-- Name: _admin fk7jfyrf06is42rj0ew7vqwxcc6; Type: FK CONSTRAINT; Schema: public; Owner: postgres
--

ALTER TABLE ONLY public._admin
    ADD CONSTRAINT fk7jfyrf06is42rj0ew7vqwxcc6 FOREIGN KEY (username) REFERENCES public._user(username);


--
-- Name: _review fk899yk967a74k2x4c1t92fyvlp; Type: FK CONSTRAINT; Schema: public; Owner: postgres
--

ALTER TABLE ONLY public._review
    ADD CONSTRAINT fk899yk967a74k2x4c1t92fyvlp FOREIGN KEY (property_id) REFERENCES public._property(id);


--
-- Name: _property fkabtywbe39bpfxiu6b2cs7ew8g; Type: FK CONSTRAINT; Schema: public; Owner: postgres
--

ALTER TABLE ONLY public._property
    ADD CONSTRAINT fkabtywbe39bpfxiu6b2cs7ew8g FOREIGN KEY (host_username) REFERENCES public._host(username);


--
-- Name: _reservation fkbgwrnp0uu1ravesto5wjb6efp; Type: FK CONSTRAINT; Schema: public; Owner: postgres
--

ALTER TABLE ONLY public._reservation
    ADD CONSTRAINT fkbgwrnp0uu1ravesto5wjb6efp FOREIGN KEY (guest_username) REFERENCES public._guest(username);


--
-- Name: _host fkde18beh4v94w1jnphl9pkhr54; Type: FK CONSTRAINT; Schema: public; Owner: postgres
--

ALTER TABLE ONLY public._host
    ADD CONSTRAINT fkde18beh4v94w1jnphl9pkhr54 FOREIGN KEY (username) REFERENCES public._user(username);


--
-- Name: _message fkelcaebrjg5ynpsgm29wa0hrme; Type: FK CONSTRAINT; Schema: public; Owner: postgres
--

ALTER TABLE ONLY public._message
    ADD CONSTRAINT fkelcaebrjg5ynpsgm29wa0hrme FOREIGN KEY (sent_by_username) REFERENCES public._user(username);


--
-- Name: _conversation fkeug5b5q3uanp61n0j3vld3864; Type: FK CONSTRAINT; Schema: public; Owner: postgres
--

ALTER TABLE ONLY public._conversation
    ADD CONSTRAINT fkeug5b5q3uanp61n0j3vld3864 FOREIGN KEY (property_id) REFERENCES public._property(id);


--
-- Name: _review fkfsfl2skpkkf4w9gccnw1ieptk; Type: FK CONSTRAINT; Schema: public; Owner: postgres
--

ALTER TABLE ONLY public._review
    ADD CONSTRAINT fkfsfl2skpkkf4w9gccnw1ieptk FOREIGN KEY (guest_username) REFERENCES public._guest(username);


--
-- Name: _city fkg502tjt7on6mkh3hv0ryh9xwh; Type: FK CONSTRAINT; Schema: public; Owner: postgres
--

ALTER TABLE ONLY public._city
    ADD CONSTRAINT fkg502tjt7on6mkh3hv0ryh9xwh FOREIGN KEY (country_id) REFERENCES public._country(id);


--
-- Name: user_role fkgij1lvdsbw3jjlpah59d6v88m; Type: FK CONSTRAINT; Schema: public; Owner: postgres
--

ALTER TABLE ONLY public.user_role
    ADD CONSTRAINT fkgij1lvdsbw3jjlpah59d6v88m FOREIGN KEY (role_name) REFERENCES public._role(name);


--
-- Name: _property_amenities fkgqkr2p669gb61wpx2d9pj6on6; Type: FK CONSTRAINT; Schema: public; Owner: postgres
--

ALTER TABLE ONLY public._property_amenities
    ADD CONSTRAINT fkgqkr2p669gb61wpx2d9pj6on6 FOREIGN KEY (property_id) REFERENCES public._property(id);


--
-- Name: _reservation fkk06j87som9djp7k1hhs53938l; Type: FK CONSTRAINT; Schema: public; Owner: postgres
--

ALTER TABLE ONLY public._reservation
    ADD CONSTRAINT fkk06j87som9djp7k1hhs53938l FOREIGN KEY (property_id) REFERENCES public._property(id);


--
-- Name: user_role fklq0c9ngoogy42vinpnlvooxh1; Type: FK CONSTRAINT; Schema: public; Owner: postgres
--

ALTER TABLE ONLY public.user_role
    ADD CONSTRAINT fklq0c9ngoogy42vinpnlvooxh1 FOREIGN KEY (user_username) REFERENCES public._user(username);


--
-- Name: _conversation fkn5c7prfy764cw18xi1139iwr9; Type: FK CONSTRAINT; Schema: public; Owner: postgres
--

ALTER TABLE ONLY public._conversation
    ADD CONSTRAINT fkn5c7prfy764cw18xi1139iwr9 FOREIGN KEY (guest_user_username) REFERENCES public._guest(username);


--
-- Name: _user fkneckpy9ho21e3bgy8h0w69fwq; Type: FK CONSTRAINT; Schema: public; Owner: postgres
--

ALTER TABLE ONLY public._user
    ADD CONSTRAINT fkneckpy9ho21e3bgy8h0w69fwq FOREIGN KEY (image_id) REFERENCES public._image(id);


--
-- Name: _available_time_slot fko5k9uxpt0csdnykrd42f1nj6x; Type: FK CONSTRAINT; Schema: public; Owner: postgres
--

ALTER TABLE ONLY public._available_time_slot
    ADD CONSTRAINT fko5k9uxpt0csdnykrd42f1nj6x FOREIGN KEY (property_id) REFERENCES public._property(id);


--
-- Name: _property_rules fkrbqpegebsitv3bci7vlnlq64t; Type: FK CONSTRAINT; Schema: public; Owner: postgres
--

ALTER TABLE ONLY public._property_rules
    ADD CONSTRAINT fkrbqpegebsitv3bci7vlnlq64t FOREIGN KEY (property_id) REFERENCES public._property(id);


--
-- Name: _property_image fksae3s022qpdpgpk00ejm49q3r; Type: FK CONSTRAINT; Schema: public; Owner: postgres
--

ALTER TABLE ONLY public._property_image
    ADD CONSTRAINT fksae3s022qpdpgpk00ejm49q3r FOREIGN KEY (property_id) REFERENCES public._property(id);


--
-- Name: _property fksd6durf0wa7fdfmk8j83okx43; Type: FK CONSTRAINT; Schema: public; Owner: postgres
--

ALTER TABLE ONLY public._property
    ADD CONSTRAINT fksd6durf0wa7fdfmk8j83okx43 FOREIGN KEY (city_id) REFERENCES public._city(id);


--
-- PostgreSQL database dump complete
--

